TREATMENT,REPLICATE,clone,X1,X2,X3,X4,X5,X6,X7,X8,X9,X10,X11,X12,X13,X14,X15,X16,X17,X18,X19,X20,X21,X22,X23,X24,X25,X26,X27,X28,X29,X30,X31,X32,X33,X34,X35,X36,X37,X38,X39,X40,X41,X42,X43,X44,X45,X46,X47,X48,X49,X50,X51,X52,X53,X54,X55,X56,X57,X58,X59,X60,X61,X62,X63,X64,X65,X66,X67,X68,X69,X70,X71,X72,X73,X74,X75,X76,X77,X78,X79,X80,X81,X82,X83,X84,X85,X86,X87,X88,X89,X90,X91,X92,X93,X94,X95,X96
STATIC,1,1,0.37,0.583,0.737,0.842,0.971,0.702,0.966,0.979,0.588,0.653,0.757,1.013,0.655,0.677,0.945,0.982,0.841,0.682,0.527,1.151,0.214,0.877,0.889,0.503,0.674,0.947,0.697,0.665,1.002,0.818,0.673,0.421,0.529,0.828,0.53,0.664,0.186,0.69,0.673,0.516,0.562,0.736,0.669,0.899,1.056,0.901,0.631,0.745,0.404,0.672,0.681,1.03,0.931,0.946,0.791,0.775,0.44,0.566,0.73,0.54,0.657,1.07,0.215,0.724,0.544,0.64,0.519,0.877,0.671,0.997,0.617,0.671,0.819,0.592,0.582,0.098,1.046,1.075,0.693,1.076,0.579,0.681,0.611,0.614,0.533,0.647,0.6,1.199,0.393,0.674,0.574,0.841,0.955,0.694,0.597,0.844
,,2,0.341,0.384,0.47,0.487,0.776,0.511,0.574,0.853,0.631,0.33,0.431,0.528,0.361,0.59,0.602,0.499,0.616,0.372,0.412,0.515,0.083,0.391,0.701,0.374,0.529,0.403,0.453,0.6,0.434,0.437,0.402,0.33,0.456,0.586,0.382,0.663,0.092,0.725,0.371,0.494,0.413,0.705,0.609,1.062,0.458,0.496,0.406,0.316,0.26,0.443,0.447,0.738,0.456,0.504,0.4,0.566,0.394,0.507,0.835,0.43,0.382,0.964,0.064,0.496,0.762,0.446,0.533,0.524,0.436,0.705,0.51,0.43,0.773,0.432,0.404,0.106,0.93,0.679,0.443,0.493,0.488,0.671,0.373,0.466,0.357,0.449,0.348,0.7,0.285,0.497,0.495,0.621,0.575,0.486,0.48,0.615
,,3,0.304,0.418,0.44,0.512,0.699,0.444,0.572,0.889,0.318,0.315,0.428,0.619,0.529,0.592,0.648,0.549,0.597,0.41,0.363,0.662,0.096,0.355,0.472,0.387,0.576,0.623,0.511,0.673,0.619,0.398,0.42,0.384,0.418,0.585,0.404,0.751,0.103,0.687,0.371,0.579,0.446,0.625,0.742,0.757,0.473,0.647,0.434,0.368,0.353,0.433,0.901,0.994,0.411,0.504,0.376,0.649,0.306,0.455,0.411,0.412,0.646,0.869,0.072,0.584,0.562,0.517,0.345,0.516,0.444,0.615,0.518,0.447,0.537,0.499,0.381,0.107,0.892,0.461,0.482,0.495,0.398,0.467,0.395,0.526,0.381,0.431,0.394,0.736,0.407,0.398,0.54,0.61,0.618,0.515,0.515,0.749
,,4,0.357,0.376,0.438,0.507,0.866,0.482,0.57,0.878,0.484,0.331,0.368,0.653,0.51,0.622,0.69,0.607,0.639,0.404,0.323,0.544,0.092,0.448,0.451,0.376,0.499,0.392,0.393,0.442,0.504,0.486,0.484,0.385,0.591,0.532,0.334,0.437,0.094,0.64,0.414,0.551,0.403,0.609,0.41,0.659,0.495,0.594,0.474,0.375,0.349,0.503,0.416,0.675,0.482,0.451,0.393,0.602,0.331,0.603,0.494,0.478,0.419,1.007,0.072,0.552,0.534,0.521,0.38,0.509,0.418,0.704,0.518,0.466,0.637,0.411,0.351,0.113,0.768,0.584,0.482,0.341,0.404,0.491,0.405,0.571,0.38,0.485,0.367,0.53,0.348,0.439,0.501,0.584,0.55,0.472,0.478,0.591
,,5,0.463,0.449,0.479,0.581,0.883,0.479,0.702,0.894,0.503,0.403,0.471,0.726,0.516,0.548,0.827,0.635,0.692,0.423,0.395,0.76,0.083,0.527,0.529,0.499,0.694,0.515,0.705,0.548,0.767,0.559,0.552,0.439,0.467,0.634,0.419,0.576,0.091,0.626,0.585,0.477,0.478,0.578,0.447,0.626,0.653,0.744,0.581,0.532,0.389,0.496,0.547,0.71,0.508,0.592,0.594,0.695,0.448,0.552,0.526,0.445,0.408,1.026,0.058,0.599,0.533,0.509,0.47,0.576,0.516,0.75,0.454,0.538,0.739,0.472,0.417,0.082,0.759,0.685,0.423,0.518,0.501,0.546,0.442,0.583,0.478,0.463,0.454,0.642,0.423,0.534,0.548,0.515,0.566,0.525,0.615,0.622
,,6,0.283,0.301,0.346,0.425,0.677,0.457,0.526,0.494,0.414,0.303,0.358,0.486,0.387,0.568,0.601,0.59,0.515,0.359,0.369,0.524,0.084,0.38,0.378,0.415,0.496,0.358,0.447,0.362,0.484,0.424,0.381,0.37,0.322,0.684,0.37,0.454,0.083,0.59,0.376,0.394,0.445,0.784,0.418,0.815,0.637,0.497,0.523,0.395,0.345,0.509,0.479,0.877,0.551,0.454,0.356,0.748,0.415,0.446,0.48,0.617,0.3,0.765,0.085,0.626,0.493,0.398,0.411,0.511,0.488,0.628,0.433,0.469,0.671,0.358,0.324,0.18,0.737,0.554,0.455,0.444,0.452,0.419,0.411,0.478,0.377,0.457,0.352,0.502,0.42,0.398,0.529,0.554,0.584,0.466,0.529,0.832
,,7,0.352,0.618,0.418,0.405,0.836,0.486,0.608,0.851,0.468,0.433,0.399,0.511,0.441,0.508,0.943,0.6,0.513,0.596,0.372,0.537,0.101,0.444,0.421,0.37,0.873,0.48,0.46,0.376,0.471,0.502,0.366,0.368,0.348,0.618,0.403,0.419,0.096,0.586,0.351,0.483,0.457,0.821,0.5,0.631,0.428,0.492,0.45,0.362,0.344,0.474,0.469,0.663,0.513,0.445,0.412,0.684,0.31,0.412,0.457,0.408,0.376,0.645,0.129,0.498,0.446,0.52,0.483,0.697,0.496,0.798,0.517,0.456,0.599,0.402,0.356,0.099,0.741,0.59,0.483,0.431,0.441,0.452,0.42,0.572,0.397,0.402,0.291,0.56,0.355,0.394,0.57,0.502,0.575,0.488,0.456,0.689
,,8,0.354,0.396,0.458,0.59,0.846,0.647,0.57,0.888,0.384,0.334,0.526,0.75,0.661,0.574,0.757,0.702,0.561,0.421,0.395,0.749,0.09,0.403,0.696,0.413,0.474,0.403,0.464,0.646,0.584,0.54,0.52,0.397,0.459,0.604,0.455,0.846,0.091,0.668,0.386,0.551,0.467,0.747,0.473,0.768,0.644,0.541,0.473,0.452,0.365,0.495,0.431,1.119,0.452,0.528,0.422,0.657,0.394,0.475,0.607,0.506,0.488,0.915,0.083,0.57,0.549,0.475,0.449,0.864,0.578,0.634,0.434,0.6,0.633,0.391,0.315,0.096,0.937,0.701,0.535,0.715,0.537,0.446,0.441,0.602,0.332,0.544,0.342,0.839,0.295,0.393,0.607,0.574,0.718,0.548,0.444,0.71
,,9,0.28,0.3,0.471,0.689,0.728,0.419,0.619,0.752,0.559,0.441,0.525,0.583,0.396,0.615,0.659,0.436,0.996,0.5,0.38,0.493,0.086,0.339,0.467,0.396,0.657,0.737,0.544,0.405,0.485,0.312,0.336,0.29,0.794,0.781,0.477,0.693,0.077,0.503,0.435,0.415,0.577,1.198,0.724,0.821,0.597,0.473,0.45,0.359,0.53,0.832,0.901,0.853,0.609,0.542,0.472,0.495,0.458,0.651,0.951,0.545,0.501,0.84,0.168,0.483,0.452,0.584,0.59,0.701,0.524,0.765,0.313,0.427,0.691,0.455,0.507,0.18,0.801,0.727,0.425,0.52,0.369,0.784,0.499,0.487,0.348,0.38,0.375,0.626,0.404,0.629,0.619,0.718,0.71,0.467,0.427,0.581
,,10,0.479,0.466,0.564,0.812,1.204,0.564,0.831,0.677,0.528,0.507,0.599,0.889,0.774,0.786,0.805,0.924,0.822,0.725,0.698,0.956,0.265,0.7,0.769,0.349,0.646,0.788,0.783,0.719,0.798,0.608,0.55,0.583,0.536,0.847,0.65,1,0.087,0.529,0.579,0.657,0.66,0.942,0.74,1.115,0.711,0.673,0.634,0.57,0.49,0.661,0.799,1.125,0.642,0.753,0.634,0.726,0.473,0.8,0.848,0.705,0.511,0.983,0.214,0.678,0.568,0.696,0.602,0.818,0.631,0.779,0.497,0.504,0.765,0.732,0.58,0.186,0.762,0.787,0.612,0.592,0.555,0.617,0.545,0.602,0.535,0.645,0.485,0.87,0.563,0.521,0.486,0.605,0.871,0.55,0.506,0.777
,2,1,0.561,0.591,0.687,0.65,0.973,0.895,0.881,1.007,0.569,0.629,0.452,0.767,0.822,0.591,0.917,0.925,0.931,0.595,0.622,0.975,0.346,0.761,0.897,0.684,0.728,0.835,0.623,0.696,1.15,0.758,0.888,0.604,0.83,0.742,0.527,0.729,0.281,0.518,0.591,0.585,0.817,0.985,0.789,0.815,0.965,0.765,0.741,0.641,0.578,0.728,1.004,0.824,0.643,0.761,0.774,0.841,0.556,0.76,0.794,0.699,0.51,0.785,0.317,0.688,0.664,0.79,0.589,0.788,0.798,0.892,0.734,0.638,0.762,0.626,0.604,0.322,1.01,0.823,0.771,0.675,0.571,0.627,0.573,0.579,0.501,0.625,0.746,0.832,0.454,0.555,0.599,0.618,0.8,0.596,0.631,0.662
,,2,0.413,0.437,0.593,0.686,0.917,0.666,0.955,0.94,0.693,0.604,0.518,0.893,0.569,0.655,1.121,0.878,0.867,0.473,0.518,0.929,0.172,0.911,0.791,0.557,0.604,0.849,0.556,0.633,0.713,0.626,0.665,0.487,0.677,0.716,0.594,0.684,0.116,0.558,0.657,0.455,0.601,0.94,0.695,0.939,0.726,0.901,0.702,0.678,0.511,0.603,0.778,0.73,0.691,0.741,0.512,0.925,0.616,0.588,0.694,0.584,0.386,1.008,0.496,0.68,0.443,0.551,0.576,0.892,0.677,0.873,0.502,0.512,0.793,0.459,0.512,0.125,0.888,0.901,0.866,0.826,0.446,0.501,0.52,0.53,0.401,0.547,0.354,0.586,0.469,0.423,0.529,0.538,0.747,0.524,0.521,0.65
,,3,0.478,0.543,0.784,0.796,1.248,0.749,0.836,0.8,0.661,0.665,0.666,1.074,0.941,0.847,1.158,0.901,0.973,0.698,0.599,1.144,0.321,0.966,0.771,0.724,0.845,1.008,0.702,0.86,0.97,0.773,0.79,0.651,0.71,0.933,0.711,0.952,0.277,0.7,0.713,0.704,0.624,0.969,0.847,1.134,0.98,0.991,0.899,0.684,0.489,0.83,1.046,0.996,0.961,0.996,0.909,0.913,0.537,0.734,0.933,0.788,0.698,1.15,0.326,0.754,0.616,0.69,0.698,0.9,0.783,1.077,0.561,0.63,0.842,0.669,0.663,0.516,1.079,0.85,1.041,0.847,0.751,0.758,0.728,0.739,0.585,0.788,0.548,0.785,0.518,0.749,0.66,0.63,0.949,0.768,0.549,0.749
,,4,0.315,0.288,0.344,0.372,0.69,0.472,0.52,0.823,0.604,0.31,0.429,0.745,0.469,0.631,0.609,0.527,0.578,0.358,0.384,0.523,0.09,0.402,0.44,0.401,0.929,0.347,0.406,0.423,0.589,0.432,0.396,0.339,0.323,0.534,0.364,0.441,0.092,0.559,0.387,0.5,0.37,0.491,0.451,0.547,0.483,0.5,0.386,0.323,0.336,0.469,0.426,0.561,0.438,0.454,0.373,0.624,0.373,0.464,0.642,0.351,0.243,0.768,0.072,0.531,0.387,0.385,0.359,0.485,0.467,0.639,0.419,0.415,0.641,0.367,0.339,0.397,0.684,0.578,0.491,0.416,0.46,0.449,0.382,0.386,0.416,0.501,0.34,0.666,0.428,0.369,0.511,0.568,0.573,0.492,0.513,0.699
,,5,0.268,0.306,0.397,0.406,0.737,0.42,0.65,0.816,0.482,0.38,0.405,0.86,0.577,0.563,0.736,0.59,0.591,0.324,0.381,0.681,0.08,0.411,0.538,0.421,0.438,0.393,0.441,0.51,0.48,0.445,0.423,0.402,0.382,0.417,0.348,0.627,0.087,0.651,0.486,0.432,0.48,0.469,0.477,0.592,0.644,0.685,0.67,0.425,0.483,0.375,0.452,0.824,0.61,0.623,0.515,0.685,0.41,0.406,0.504,0.507,0.404,0.751,0.089,0.533,0.562,0.421,0.434,0.756,0.587,1.271,0.486,0.509,0.683,0.413,0.383,0.1,1.054,0.647,0.415,0.742,0.499,0.451,0.448,0.657,0.439,0.494,0.384,0.74,0.426,0.402,0.486,0.576,0.793,0.573,0.629,0.921
,,6,0.246,0.302,0.364,0.79,1.13,0.424,0.508,0.783,0.658,0.303,0.383,0.494,0.459,0.624,0.534,0.613,0.684,0.337,0.35,0.602,0.089,0.359,0.354,0.315,0.486,0.381,0.418,0.377,0.481,0.382,0.361,0.288,0.383,0.499,0.363,0.4,0.082,0.473,0.379,0.415,0.433,0.592,0.456,0.789,0.5,0.499,0.502,0.296,0.289,0.349,0.439,0.798,0.28,0.583,0.298,0.583,0.354,0.377,0.549,0.398,0.383,0.635,0.077,0.544,0.362,0.376,0.399,0.519,0.442,0.674,0.443,0.364,0.541,0.348,0.348,0.108,1.062,0.76,0.683,0.381,0.359,0.442,0.388,0.443,0.295,0.398,0.353,0.43,0.326,0.456,0.54,0.443,0.567,0.464,0.759,0.624
,,7,0.393,0.456,0.621,0.66,1.085,0.546,0.605,1.022,0.566,0.546,0.53,0.85,0.633,0.782,0.993,0.843,0.646,0.484,0.474,1.035,0.087,0.63,0.494,0.583,0.697,0.641,0.519,0.583,0.856,0.674,0.568,0.465,0.437,0.75,0.513,0.632,0.096,0.565,0.508,0.562,0.586,0.734,0.616,0.755,0.656,0.783,0.527,0.567,0.433,0.564,0.534,0.726,0.518,0.548,0.682,0.791,0.528,0.491,0.519,0.532,0.528,1.133,0.069,0.789,0.469,0.468,0.571,0.643,0.529,0.841,0.506,0.505,0.781,0.53,0.424,0.099,1.317,0.767,0.636,0.503,0.493,0.555,0.512,0.534,0.468,0.592,0.535,0.577,0.373,0.501,0.568,0.512,0.946,0.646,0.749,0.689
,,8,0.256,0.342,0.415,0.422,0.966,0.411,0.598,0.805,0.424,0.374,0.39,1.059,0.585,0.516,1.122,0.71,0.533,0.334,0.396,0.779,0.268,0.401,0.556,0.522,0.56,0.389,0.476,0.427,0.777,0.43,0.407,0.428,0.398,0.648,0.393,0.486,0.398,0.572,0.758,0.5,0.476,0.708,0.575,0.883,0.844,0.455,0.801,0.327,0.338,0.46,0.449,0.759,0.677,0.46,1.013,0.706,0.363,0.486,0.458,0.509,0.5,0.723,0.363,0.453,0.384,0.443,0.403,0.668,0.536,0.64,0.427,0.431,0.55,0.469,0.348,0.093,1.69,0.548,0.399,0.668,0.431,0.514,0.419,0.483,0.409,0.369,0.462,0.783,0.31,0.411,0.513,0.559,0.847,0.538,0.648,0.768
,,9,0.387,0.426,0.526,0.535,0.967,0.67,0.699,0.892,0.609,0.416,0.422,0.869,0.408,0.597,0.952,0.837,0.827,0.424,0.43,0.54,0.085,0.479,0.729,0.529,0.608,0.594,0.513,0.564,0.547,0.558,0.576,0.646,0.625,0.582,0.476,0.523,0.069,0.56,0.573,0.57,0.661,0.918,0.478,0.833,0.705,0.713,0.564,0.435,0.428,0.516,0.735,0.793,0.58,0.613,0.469,0.802,0.395,0.447,0.443,0.431,0.434,1.198,0.081,0.589,0.47,0.444,0.549,0.604,0.485,0.702,0.443,0.684,0.646,0.42,0.365,0.093,0.88,0.883,0.437,0.48,0.501,0.564,0.373,0.502,0.456,0.506,0.527,0.705,0.318,0.418,0.5,0.513,0.725,0.613,0.764,1.023
,,10,0.596,0.88,0.654,0.876,1.218,0.661,0.863,0.972,0.822,0.776,0.619,1.062,1.015,0.794,1.095,0.842,0.891,0.761,0.597,1.087,0.483,1.177,0.728,0.592,0.884,0.977,0.664,0.822,0.938,0.789,0.637,0.664,0.741,0.895,0.591,0.811,0.138,0.77,0.673,0.47,0.802,0.999,0.879,0.9,0.933,0.769,0.706,0.844,0.705,0.846,0.945,0.867,0.913,0.964,0.87,0.841,0.707,0.881,0.923,0.837,0.832,1.413,0.348,0.648,0.803,0.761,0.898,1.033,0.851,1.08,0.778,0.437,1.087,0.723,0.712,0.57,1.082,0.918,1.015,0.555,0.772,0.936,0.813,0.644,0.713,0.628,0.584,0.988,0.447,0.722,0.815,0.847,0.963,0.917,0.78,1.111
,3,1,0.357,0.444,0.549,0.727,1.133,0.649,0.739,0.868,0.515,0.587,0.529,0.971,1.323,0.629,0.897,0.628,0.892,0.456,0.489,0.952,0.102,0.457,0.657,0.527,0.682,0.688,0.551,0.638,0.87,0.667,0.504,0.509,0.573,0.699,0.517,0.664,0.111,0.647,0.631,0.457,0.596,1.018,0.642,0.84,0.846,0.733,0.632,0.489,0.556,0.691,0.763,0.893,0.774,0.717,0.647,1.79,0.435,0.576,0.757,0.69,0.588,0.972,0.297,0.615,0.601,0.658,0.601,0.741,0.572,0.932,0.343,0.497,0.68,0.544,0.582,0.436,1.131,0.953,0.618,0.552,0.613,0.736,0.581,0.674,0.784,0.709,0.541,1.45,0.457,0.586,0.874,0.775,1.358,0.685,0.494,0.874
,,2,0.66,0.613,0.78,0.746,0.948,0.811,0.948,0.995,0.72,0.63,0.694,0.962,0.904,0.727,0.971,0.857,0.784,0.497,0.61,1.037,0.446,0.959,0.659,0.66,0.887,0.747,0.654,0.658,0.88,0.754,0.706,0.444,0.799,0.735,0.621,0.789,0.156,0.592,0.743,0.524,0.79,0.986,0.721,0.939,0.708,0.972,0.839,0.551,0.619,0.757,0.852,0.845,0.521,0.731,0.648,0.647,0.572,0.669,0.759,0.635,0.614,0.925,0.312,1.029,0.6,0.561,0.595,1.056,1.249,1.051,0.675,0.533,0.818,0.531,0.664,0.462,1.151,0.613,0.616,0.54,0.762,0.743,0.749,0.82,0.657,0.626,0.712,1.472,0.482,0.632,0.647,0.57,1.096,0.696,0.71,0.852
,,3,0.563,0.601,0.803,1.197,1.258,0.657,1.033,0.995,0.874,0.683,0.604,1.067,0.968,0.752,0.926,0.687,0.931,0.686,0.617,1.119,0.205,0.894,0.772,0.485,0.839,0.839,0.725,0.761,1.01,0.847,0.626,0.54,0.763,0.713,0.57,0.736,0.469,0.815,0.665,0.465,0.706,1.04,0.961,1.002,0.994,0.844,0.726,0.615,0.536,0.747,0.847,1.057,0.679,0.772,0.612,1.03,0.63,0.633,0.87,0.707,0.49,0.838,0.196,0.573,0.627,0.629,0.798,1.038,0.781,0.902,0.583,0.504,0.866,0.747,0.692,0.544,1.102,1.006,0.69,0.45,0.654,0.873,0.633,0.823,0.728,0.658,0.603,1.368,0.546,0.741,0.745,0.755,1.068,0.777,0.584,1.169
,,4,0.307,0.377,0.538,0.526,0.855,0.586,0.572,0.749,0.552,0.462,0.448,0.779,1.049,0.682,0.738,0.695,0.66,0.461,0.457,0.786,0.105,0.477,0.499,0.438,0.631,0.531,0.551,0.57,0.604,0.482,0.526,0.445,0.463,0.644,0.417,0.524,0.097,0.598,0.456,0.515,0.448,0.768,0.514,0.591,0.648,0.759,0.541,0.424,0.441,0.544,0.563,0.668,0.541,0.667,0.549,1.02,0.444,0.565,0.572,0.472,0.508,0.947,0.076,0.589,0.514,0.569,0.451,0.665,0.706,0.747,1.068,0.509,0.71,0.556,0.453,0.097,1.269,0.861,0.614,0.438,0.435,0.629,0.485,0.683,0.505,0.513,0.43,1.243,0.418,0.563,0.44,0.446,0.77,0.501,0.473,0.822
,,5,0.393,0.469,0.541,0.587,0.987,0.558,0.62,0.786,0.516,0.648,0.544,0.944,0.832,0.598,0.79,0.92,0.617,0.62,0.579,1.038,0.098,0.591,0.649,0.508,0.711,0.755,0.576,0.662,0.73,0.59,0.602,0.483,0.627,0.681,0.524,0.767,0.203,0.572,0.552,0.525,0.482,0.724,0.627,0.95,0.904,0.646,0.691,0.616,0.512,0.569,0.655,0.868,0.637,0.677,0.766,0.746,0.629,0.58,0.672,0.753,0.77,0.956,0.091,0.669,0.541,0.658,0.521,0.835,0.538,0.832,0.437,0.618,0.728,0.577,0.574,0.174,0.84,0.844,0.874,0.637,0.492,0.717,0.592,0.691,0.541,0.669,0.604,0.739,0.479,0.585,0.56,0.683,0.905,0.682,0.598,0.879
,,6,0.33,0.382,0.463,0.544,1.112,0.597,0.679,0.927,0.478,0.444,0.574,0.827,0.748,0.573,0.92,0.741,0.702,0.465,0.536,0.78,0.101,0.543,0.596,0.478,0.561,0.576,0.462,0.568,0.849,0.597,0.584,0.521,0.602,0.593,0.458,0.494,0.101,0.586,0.597,0.707,0.461,0.681,0.476,0.694,0.716,0.703,0.615,0.625,0.469,0.515,0.532,0.656,0.741,0.634,0.671,0.712,0.486,0.474,0.601,0.585,0.562,0.861,0.066,0.973,0.517,0.496,0.452,0.737,1.184,0.766,0.36,0.625,0.662,0.487,0.44,0.078,0.874,0.781,0.442,0.785,0.445,0.623,0.532,0.545,0.528,0.553,0.541,0.761,0.484,0.53,0.624,0.61,1.035,0.657,0.659,0.836
,,7,0.301,0.402,0.445,0.434,0.654,0.519,0.577,0.799,0.399,0.498,0.454,0.785,0.605,0.642,0.793,0.672,0.54,0.452,0.441,0.729,0.081,0.493,0.492,0.469,0.507,0.59,0.439,0.476,0.644,0.504,0.479,0.448,0.394,0.645,0.468,0.566,0.075,0.528,0.513,0.425,0.447,0.635,0.565,0.689,0.582,0.534,0.556,0.489,0.374,0.496,0.506,0.601,0.506,0.492,0.535,0.579,0.509,0.461,0.561,0.459,0.394,0.764,0.059,0.499,0.426,0.508,0.445,0.63,0.53,0.72,0.398,0.435,0.543,0.474,0.421,0.09,0.864,0.736,0.49,0.544,0.487,0.583,0.52,0.599,0.493,0.543,0.501,0.705,0.398,0.44,0.599,0.63,1.143,0.541,0.569,0.841
,,8,0.425,0.459,0.439,0.578,1.02,0.634,0.733,0.759,0.582,0.405,0.425,0.76,0.975,0.589,0.795,0.635,0.592,0.395,0.381,0.703,0.095,0.532,0.483,0.346,0.613,0.416,0.476,0.489,0.652,0.492,0.525,0.546,0.615,0.661,0.416,0.495,0.09,0.638,0.474,0.45,0.546,1.205,0.486,0.724,0.619,0.614,0.732,0.44,0.461,0.469,0.495,0.799,0.534,0.546,0.745,1.318,0.504,0.509,0.555,0.48,0.52,0.891,0.071,1.146,0.526,0.501,0.413,0.675,0.565,0.769,0.411,0.585,0.62,0.484,0.37,0.139,1.435,0.764,0.496,0.51,0.5,0.759,0.755,0.543,0.621,0.565,0.492,0.846,0.531,0.396,0.653,0.613,1.078,0.607,0.615,0.66
,,9,0.301,0.366,0.48,0.507,0.87,0.433,0.744,0.82,0.429,0.412,0.434,0.614,0.9,0.59,0.728,0.702,0.568,0.402,0.42,0.725,0.099,0.384,0.542,0.487,0.586,0.528,0.462,0.505,0.715,0.499,0.473,0.468,0.733,0.604,0.487,0.546,0.086,0.587,0.47,0.511,0.723,0.648,0.477,0.692,0.693,0.608,0.502,0.444,0.374,0.47,0.573,0.784,0.462,0.568,0.462,0.783,0.385,0.45,0.599,0.589,0.449,0.774,0.08,0.54,0.5,0.464,0.444,0.66,0.488,0.72,0.33,0.545,0.646,0.397,0.445,0.256,1.049,0.74,0.46,0.679,0.649,0.469,0.442,0.559,0.51,0.521,0.48,1.227,0.509,0.354,0.66,0.528,0.862,0.559,0.474,0.854
,,10,0.399,0.422,0.841,0.756,1.051,0.844,0.908,0.781,0.525,0.604,0.469,0.796,0.871,0.697,1.166,0.93,0.742,0.581,0.602,0.855,0.382,0.856,0.658,0.474,0.592,0.61,0.592,0.489,0.829,0.651,0.485,0.459,0.902,0.694,0.425,0.508,0.207,0.518,0.691,0.474,1.083,0.744,0.816,0.754,0.572,0.528,1.097,0.501,0.57,0.474,0.759,0.598,0.509,0.616,0.753,1.315,0.457,0.477,0.53,0.462,0.448,0.706,0.252,1.022,0.425,0.53,0.444,0.64,0.789,0.635,0.568,0.463,0.635,0.477,0.457,0.098,0.958,0.545,0.488,0.568,0.498,0.534,0.668,0.577,0.433,0.51,0.52,1.106,0.482,0.455,0.59,0.486,0.732,0.686,0.519,0.724
,4,1,0.658,0.664,0.861,0.901,0.987,0.707,0.813,1.154,0.727,0.678,0.532,1.007,1.188,0.692,0.991,1.249,0.937,0.628,0.667,1.07,0.333,0.947,0.878,0.698,0.915,0.792,0.711,0.814,0.917,0.682,0.713,0.743,0.919,0.705,0.611,0.794,0.354,0.685,0.724,0.724,0.807,0.877,0.754,1.012,0.699,0.87,0.667,0.645,0.743,0.708,0.965,0.837,0.709,0.886,0.777,0.822,0.653,0.692,0.81,0.747,0.773,0.823,0.305,0.725,0.566,0.633,0.673,0.857,0.672,0.923,0.485,0.671,0.812,0.623,0.582,0.304,1.231,0.895,0.718,0.595,0.744,0.72,0.682,0.846,0.735,0.704,0.581,0.859,0.5,0.604,0.797,0.759,0.905,0.805,0.595,0.784
,,2,0.359,0.411,0.543,0.608,0.834,0.601,0.698,0.913,0.626,0.421,0.477,0.947,1.083,0.569,0.812,0.714,0.68,0.422,0.453,0.98,0.099,0.466,0.515,0.424,0.624,0.435,0.455,0.532,0.673,0.559,0.433,0.475,0.487,0.648,0.418,0.564,0.079,0.64,0.438,0.552,0.39,0.906,0.55,0.867,0.589,0.636,0.517,0.675,0.462,0.521,0.552,0.735,0.554,0.526,0.5,0.94,0.391,0.438,0.654,0.475,0.465,1.142,0.063,0.597,0.55,0.46,0.422,0.684,0.571,0.958,0.457,0.53,0.698,0.467,0.379,0.1,0.516,0.731,0.423,0.547,0.486,0.478,0.536,0.565,0.4,0.558,0.432,0.718,0.381,0.558,0.488,0.584,0.688,0.552,0.588,0.815
,,3,0.44,0.421,0.53,0.586,0.884,0.49,0.685,0.843,0.594,0.427,0.412,0.908,1,0.614,0.796,0.678,0.569,0.455,0.462,0.869,0.072,0.492,0.559,0.398,0.63,0.47,0.496,0.532,0.729,0.528,0.536,0.446,0.636,0.677,0.395,0.521,0.075,0.596,0.465,0.548,0.654,0.896,0.524,0.846,0.849,0.57,0.478,0.46,0.463,0.482,0.517,0.823,0.597,0.473,0.522,0.839,0.571,0.529,0.559,0.49,0.467,0.972,0.068,0.459,0.57,0.482,0.499,0.707,0.528,0.908,0.387,0.541,0.731,0.511,0.421,0.096,0.91,0.929,0.684,0.512,0.742,0.597,0.521,0.515,0.509,0.569,0.466,0.659,0.391,0.532,0.65,0.668,0.814,0.564,0.609,0.913
,,4,0.375,0.374,0.478,0.586,0.837,0.584,1.066,0.778,0.554,0.383,0.49,0.787,1.058,0.673,0.706,0.654,0.656,0.405,0.469,0.85,0.094,0.459,0.499,0.506,0.624,0.474,0.48,0.517,0.651,0.547,0.44,0.415,0.456,0.604,0.423,0.519,0.086,0.551,0.452,0.549,0.487,0.873,0.483,0.829,0.605,0.629,0.51,0.497,0.465,0.491,0.514,0.79,0.588,0.537,0.502,1.231,0.426,0.445,0.576,0.484,0.535,1.053,0.064,0.587,0.543,0.424,0.423,0.664,0.562,0.926,0.406,0.577,0.767,0.419,0.41,0.097,0.981,0.853,0.481,0.565,0.479,0.657,0.517,0.549,0.518,0.59,0.464,0.817,0.414,0.481,0.677,0.552,1.015,0.73,0.746,0.841
,,5,0.421,0.45,0.49,0.541,1,0.702,0.656,0.789,0.553,0.382,0.492,0.891,1.21,0.668,0.797,0.868,0.606,0.435,0.426,0.893,0.105,0.5,0.434,0.519,0.594,0.449,0.488,0.621,0.628,1.1,0.467,0.52,0.462,0.647,0.472,0.493,0.083,0.604,0.431,0.594,0.6,0.991,0.447,0.759,0.615,0.608,0.492,0.46,0.467,0.522,0.539,0.845,0.566,0.533,0.576,1.607,0.408,0.513,0.541,0.489,0.562,0.943,0.074,0.666,0.538,0.937,0.473,0.84,0.906,0.99,0.408,0.663,0.99,0.502,0.43,0.089,1.463,0.817,0.433,0.465,0.52,0.626,0.517,0.556,0.621,0.576,0.539,0.659,0.277,0.5,0.649,0.544,1.188,0.693,0.526,0.614
,,6,0.363,0.471,0.508,0.589,0.953,0.549,0.681,0.929,0.499,0.48,0.563,0.727,1.184,0.543,0.795,0.7,0.641,0.491,0.528,0.765,0.096,0.44,0.542,0.457,0.626,0.634,0.474,0.638,0.749,0.525,0.488,0.585,0.467,0.674,0.487,0.588,0.091,0.623,0.542,0.654,0.385,0.696,0.559,0.777,0.852,0.579,0.555,0.551,0.436,0.556,0.612,0.709,0.856,0.643,0.607,0.765,0.489,0.531,0.629,0.599,0.589,0.906,0.076,0.596,0.604,0.54,0.481,0.724,0.614,0.822,0.489,0.559,0.783,0.636,0.547,0.103,1.097,0.778,0.399,0.647,0.52,0.602,0.622,0.607,0.58,0.587,0.44,0.767,0.549,0.635,0.594,0.563,1.132,0.596,0.622,0.878
,,7,0.293,0.631,0.544,0.6,0.925,0.477,0.694,0.905,0.53,0.409,0.452,0.931,1.084,0.692,0.712,0.769,0.567,0.452,0.426,0.887,0.097,0.436,0.535,0.443,0.496,0.501,0.365,0.567,0.697,0.542,0.536,0.421,0.463,0.674,0.431,0.572,0.083,0.64,0.49,0.484,0.419,0.832,0.511,1.272,0.704,0.633,0.514,0.455,0.47,0.502,0.454,0.883,0.621,0.547,0.625,0.8,0.459,0.529,0.588,0.5,0.459,1.186,0.082,0.589,0.504,0.525,0.424,0.79,0.593,0.808,0.441,0.514,0.7,0.46,0.449,0.096,1.02,0.767,0.441,0.556,0.631,0.595,0.569,0.567,0.57,0.667,0.476,0.592,0.362,0.473,0.62,0.532,0.893,0.518,0.591,0.814
,,8,0.314,0.526,0.494,0.559,0.902,0.529,0.683,0.985,0.531,0.438,0.426,0.888,1.088,0.636,0.845,0.693,0.818,0.456,0.446,0.963,0.08,0.488,0.514,0.409,0.584,0.488,0.483,0.591,1.298,0.564,0.413,0.41,0.456,0.586,0.449,0.591,0.065,0.634,0.482,0.53,0.452,0.847,0.502,0.967,0.748,0.626,0.495,0.404,0.394,0.578,0.497,0.754,0.61,0.529,0.479,0.681,0.436,0.524,0.617,0.559,0.58,1.054,0.068,0.553,0.52,0.483,0.39,0.788,0.583,0.917,0.293,0.505,0.764,0.494,0.388,0.095,1.026,0.824,0.409,0.622,0.747,0.569,0.548,0.58,0.619,0.59,0.397,0.648,0.399,0.492,0.596,0.514,1.142,0.649,0.744,0.836
,,9,0.37,1.028,0.594,0.572,0.965,0.672,0.735,0.955,0.531,0.533,0.559,0.949,1.213,0.719,1.063,1.036,0.644,0.514,0.527,0.819,0.1,0.554,0.685,0.468,0.709,0.556,0.626,0.628,0.723,0.602,0.566,0.524,0.406,0.717,0.514,0.56,0.078,0.743,0.567,0.611,0.549,0.92,0.54,0.821,0.834,0.861,0.643,0.603,0.46,0.751,0.694,0.897,0.686,0.624,0.627,1.041,0.429,0.624,0.658,0.62,0.663,1.141,0.227,0.617,0.581,0.535,0.574,0.74,1.343,1.011,0.31,0.596,0.676,0.581,0.527,0.138,1.46,0.877,0.639,0.626,0.572,0.595,0.661,0.726,0.818,0.627,0.528,0.778,0.483,0.658,0.755,0.673,1.207,0.702,0.92,0.973
,,10,0.531,1.538,0.783,1.48,0.879,0.571,0.808,0.892,0.687,0.662,0.685,0.819,0.765,0.975,0.92,0.922,0.629,0.639,0.664,1.048,0.466,0.806,0.644,0.642,0.601,0.758,0.619,0.682,0.788,0.742,0.581,0.466,0.446,0.765,0.629,0.758,0.266,0.773,0.664,0.748,0.422,0.947,0.879,0.825,0.609,0.943,0.763,0.693,0.376,0.718,0.917,0.726,0.584,1.037,0.758,0.725,0.434,0.709,0.745,0.671,0.525,1.167,0.123,0.575,0.446,0.617,0.59,0.806,0.763,0.764,0.673,0.527,0.727,0.644,0.693,0.557,1.126,1.108,0.734,0.525,0.467,0.817,0.85,0.981,0.795,0.812,0.614,0.782,0.527,0.692,0.858,0.662,1.086,1.031,0.606,0.888
,5,1,0.301,0.355,0.446,0.397,0.977,0.467,0.623,0.845,0.54,0.405,0.485,0.415,1.131,0.677,0.765,0.776,0.92,0.434,0.532,0.492,0.115,0.455,0.276,0.675,0.595,0.44,0.436,0.33,0.924,0.503,0.41,0.421,0.652,0.672,0.394,0.35,0.083,0.653,0.451,0.578,0.526,1.06,0.494,0.389,0.84,0.775,0.525,0.455,0.42,0.517,0.71,0.699,0.78,0.593,0.459,1.006,0.452,0.549,0.738,0.295,0.581,1.136,0.096,0.736,0.573,0.544,0.519,0.395,0.634,0.941,0.464,0.565,0.717,0.568,0.452,0.118,1.418,0.766,0.455,0.635,0.546,0.708,0.587,0.447,0.669,0.676,0.403,0.687,0.432,0.579,0.505,0.463,1.063,0.577,0.585,0.797
,,2,0.319,0.294,0.378,0.461,0.69,0.404,0.494,0.704,0.322,0.316,0.394,0.509,0.749,0.582,0.644,0.578,0.412,0.371,0.33,0.521,0.087,0.379,0.386,0.431,0.561,0.374,0.357,0.396,0.411,0.456,0.379,0.417,0.635,0.59,0.344,0.439,0.07,0.573,0.363,0.414,0.346,0.649,0.426,0.754,0.493,0.473,0.401,0.342,0.329,0.436,0.39,0.701,0.35,0.407,0.371,0.648,0.344,0.404,0.429,0.409,0.384,0.884,0.074,0.482,0.545,0.415,0.383,0.622,0.466,0.509,0.372,0.47,0.586,0.401,0.388,0.101,0.761,0.508,0.438,0.471,0.595,0.429,0.467,0.472,0.302,0.495,0.355,0.491,0.294,0.378,0.483,0.446,0.655,0.504,0.44,0.854
,,3,0.287,0.28,0.395,0.481,0.576,0.375,0.543,0.852,0.391,0.376,0.453,0.579,0.622,0.54,0.593,0.611,0.513,0.398,0.431,0.744,0.081,0.572,0.393,0.402,0.632,0.403,0.384,0.408,0.462,0.401,0.375,0.374,0.676,0.527,0.422,0.549,0.111,0.595,0.355,0.463,0.648,0.861,0.501,0.782,0.515,0.551,0.369,0.312,0.469,0.452,0.38,0.783,0.587,0.507,0.39,0.584,0.433,0.486,0.68,0.539,0.497,0.859,0.073,0.544,0.44,0.442,0.429,0.676,0.459,0.757,0.361,0.441,0.644,0.478,0.383,0.094,1.034,0.623,0.47,0.446,0.488,0.49,0.477,0.513,0.37,0.598,0.346,0.595,0.442,0.636,0.649,0.561,0.958,0.515,0.771,0.694
,,4,0.22,0.334,0.435,0.465,0.863,0.295,0.554,0.721,0.424,0.346,0.378,0.612,0.767,0.536,0.571,0.512,0.534,0.396,0.368,0.628,0.098,0.44,0.411,0.384,0.52,0.391,0.439,0.449,0.418,0.43,0.407,0.394,0.506,0.485,0.398,0.435,0.091,0.59,0.416,0.529,0.589,0.588,0.435,0.627,0.52,0.595,0.439,0.39,0.487,0.391,0.436,0.681,0.531,0.572,0.42,0.642,0.39,0.459,0.547,0.464,0.582,0.988,0.086,0.662,0.537,0.555,0.412,0.619,0.664,0.816,0.493,0.419,0.611,0.49,0.424,0.099,1.392,0.688,0.463,0.489,0.576,0.573,0.463,0.559,0.541,0.526,0.415,0.609,0.424,0.468,0.599,0.705,1.081,0.629,0.658,0.885
,,5,0.278,0.358,0.428,0.549,0.931,0.401,0.591,0.86,0.466,0.324,0.388,0.597,0.684,0.571,0.722,0.527,0.545,0.385,0.359,0.564,0.081,0.433,0.478,0.375,0.523,0.363,0.398,0.503,0.424,0.448,0.446,0.407,0.483,0.535,0.372,0.393,0.07,0.58,0.476,0.512,0.492,0.616,0.433,0.713,0.601,0.544,0.571,0.353,0.397,0.479,0.423,0.794,0.549,0.53,0.461,0.59,0.442,0.421,0.427,0.479,0.559,0.792,0.102,0.66,0.486,0.418,0.427,0.604,0.573,0.714,0.405,0.504,0.608,0.431,0.379,0.114,1.183,0.765,0.553,0.412,0.565,0.472,0.439,0.548,0.485,0.493,0.448,0.508,0.405,0.453,0.508,0.582,1.138,0.671,0.601,0.804
,,6,0.336,0.372,0.461,0.545,0.962,0.506,0.686,1.006,0.444,0.378,0.508,0.801,0.631,0.562,0.787,0.669,0.563,0.47,0.463,0.832,0.093,0.471,0.505,0.401,0.519,0.613,0.444,0.507,0.711,0.522,0.479,0.422,0.436,0.634,0.451,0.544,0.082,0.544,0.598,0.559,0.409,0.653,0.538,0.811,0.654,0.549,0.491,0.36,0.409,0.471,0.461,0.68,0.526,0.535,0.494,0.713,0.461,0.522,0.546,0.519,0.503,0.884,0.059,0.525,0.51,0.476,0.42,0.754,0.563,0.741,0.368,0.494,0.684,0.506,0.434,0.108,0.766,0.776,0.465,0.561,0.57,0.579,0.526,0.661,0.423,0.532,0.416,0.902,0.483,0.605,0.563,0.546,1.261,0.708,0.814,0.928
,,7,0.341,0.366,0.533,0.692,0.875,0.501,0.876,0.795,0.456,0.483,0.511,0.818,0.684,0.602,0.947,0.739,0.606,0.488,0.409,0.883,0.098,0.541,0.514,0.408,0.608,0.562,0.475,0.45,0.637,0.537,0.454,0.417,0.562,0.682,0.423,0.504,0.09,0.586,0.441,0.473,0.449,0.696,0.509,0.742,0.592,0.555,0.479,0.384,0.378,0.516,0.513,0.675,0.524,0.555,0.568,0.707,0.431,0.475,0.522,0.519,0.399,0.921,0.086,0.493,0.526,0.483,0.423,0.802,0.571,0.764,0.369,0.486,0.75,0.487,0.421,0.103,0.86,0.726,0.544,0.539,0.542,0.688,0.497,0.599,0.44,0.555,0.406,0.676,0.381,0.469,0.553,0.502,1.302,0.593,0.582,0.901
,,8,0.197,0.313,0.397,0.482,0.874,0.467,0.588,0.848,0.37,0.297,0.412,0.528,0.745,0.56,0.715,0.553,0.509,0.388,0.354,0.532,0.088,0.396,0.466,0.472,0.465,0.381,0.384,0.448,0.489,0.452,0.407,0.423,0.39,0.551,0.41,0.429,0.074,0.628,0.363,0.369,0.435,0.601,0.45,0.598,0.618,0.574,0.436,0.33,0.388,0.415,0.431,0.812,0.507,0.569,0.413,0.534,0.422,0.448,0.515,0.418,0.41,0.619,0.089,0.52,0.453,0.444,0.414,0.585,0.513,0.646,0.405,0.456,0.694,0.499,0.424,0.097,0.965,0.587,0.518,0.563,0.509,0.507,0.458,0.571,0.426,0.521,0.444,0.705,0.312,0.477,0.555,0.536,0.692,0.607,0.496,0.846
,,9,0.247,0.318,0.366,0.439,0.825,0.447,0.677,0.856,0.56,0.333,0.362,0.622,0.416,0.517,0.781,0.602,0.604,0.396,0.363,0.534,0.079,0.41,0.451,0.356,0.546,0.489,0.388,0.391,0.474,0.386,0.437,0.392,0.552,0.563,0.386,0.423,0.069,0.528,0.389,0.527,0.53,0.607,0.457,1.19,0.438,0.464,0.452,0.343,0.446,0.478,0.645,0.588,0.435,0.424,0.4,0.72,0.484,0.426,0.547,0.465,0.398,0.712,0.08,0.522,0.458,0.439,0.463,0.609,0.694,0.624,0.381,0.458,0.668,0.437,0.368,0.095,1.092,0.576,0.434,0.459,0.424,0.514,0.495,0.531,0.452,0.524,0.423,0.607,0.404,0.431,0.467,0.532,0.808,0.504,0.779,0.74
,,10,0.372,0.405,0.481,0.597,0.741,0.48,0.604,0.844,0.563,0.528,0.451,0.914,0.558,0.657,0.929,0.679,0.686,0.595,0.557,0.824,0.098,0.624,0.555,0.505,0.692,0.722,0.492,0.544,0.689,0.487,0.499,0.405,0.547,0.672,0.513,0.716,0.09,0.582,0.637,0.514,0.44,0.697,0.582,0.814,0.748,0.582,0.533,0.454,0.435,0.604,0.475,0.672,0.452,0.568,0.659,0.666,0.409,0.539,0.662,0.62,0.506,1.124,0.107,0.591,0.543,0.629,0.483,0.812,0.559,0.726,0.377,0.486,0.744,0.537,0.532,0.431,0.817,0.769,0.772,0.513,0.625,0.561,0.581,0.696,0.696,0.547,0.566,0.775,0.395,0.569,0.588,0.615,1.127,0.752,0.682,0.889
,6,1,0.363,0.461,0.511,0.607,0.868,0.677,0.695,0.874,0.637,0.555,0.524,0.857,0.838,0.731,0.976,0.906,0.646,0.544,0.576,0.948,0.124,0.791,0.67,0.752,0.607,0.743,0.661,0.608,0.73,0.583,0.6,0.521,0.522,0.713,0.56,0.665,0.126,0.699,0.864,0.616,0.624,0.742,0.685,0.922,0.771,1.058,0.648,0.419,0.388,0.57,0.712,0.829,0.595,0.793,0.735,0.819,0.472,0.502,0.82,0.628,0.81,1.248,0.256,0.632,0.433,0.516,0.68,0.812,0.626,0.904,0.632,0.614,0.827,0.534,0.478,0.245,1.011,0.892,0.811,0.55,0.758,0.6,0.662,0.684,0.558,0.845,0.554,0.843,0.474,0.581,0.625,0.591,0.999,0.67,0.707,1.036
,,2,0.298,0.312,0.434,0.504,0.761,0.571,0.634,0.891,0.594,0.5,0.467,0.871,0.774,0.604,0.909,0.668,0.528,0.562,0.488,0.922,0.086,0.382,0.587,0.528,0.824,0.761,0.503,0.561,0.725,0.514,0.581,0.464,0.691,0.695,0.48,0.605,0.087,0.599,0.626,0.472,0.471,0.616,0.558,0.761,0.668,0.61,0.569,0.484,0.402,0.528,0.484,0.681,0.576,0.637,0.664,0.8,0.794,0.508,0.555,0.521,0.493,1.017,0.167,0.623,0.606,0.462,0.453,0.723,0.594,0.834,0.407,0.542,0.847,0.564,0.641,0.135,0.973,0.745,0.614,0.613,0.888,0.683,0.649,0.695,0.647,0.755,0.523,0.785,0.408,0.806,0.57,0.579,1.252,0.64,0.607,0.908
,,3,0.483,0.383,0.452,0.544,0.924,0.564,0.671,0.953,0.496,0.582,0.572,0.999,0.775,0.618,0.895,0.662,0.805,0.586,0.446,0.903,0.102,0.608,0.58,0.434,0.561,0.749,0.545,0.553,0.852,0.517,0.564,0.446,0.464,0.656,0.445,0.677,0.086,0.703,0.616,0.517,0.409,0.732,0.809,0.893,0.668,0.691,0.523,0.45,0.496,0.516,0.516,0.867,0.584,0.674,0.597,0.682,0.435,0.454,0.603,0.595,0.633,0.992,0.064,0.576,0.568,0.565,0.515,0.892,0.592,0.82,0.358,0.543,0.868,0.595,0.552,0.111,1.077,0.904,0.49,0.789,0.658,0.663,0.571,0.633,0.45,0.631,0.519,0.91,0.391,0.968,0.536,0.544,1.301,0.732,0.615,1.054
,,4,0.268,0.393,0.433,0.542,0.936,0.532,0.651,0.84,0.502,0.461,0.713,0.933,0.635,0.691,0.954,0.73,0.578,0.412,0.484,0.86,0.101,0.47,0.53,0.429,0.582,0.562,0.442,0.517,0.751,0.55,0.486,0.471,0.564,0.722,0.469,0.569,0.084,0.547,0.569,0.529,0.446,0.587,0.567,0.753,0.732,0.751,0.548,0.42,0.464,0.549,0.576,0.767,0.578,0.576,0.589,0.74,0.5,0.486,0.743,0.533,0.458,1.114,0.084,0.537,0.482,0.475,0.443,0.865,0.554,0.889,0.365,0.543,0.693,0.477,0.473,0.104,0.929,0.825,0.664,0.644,0.639,0.641,0.594,0.704,0.457,0.578,0.585,0.745,0.447,0.655,0.533,0.585,1.032,0.839,0.578,0.938
,,5,0.345,0.339,0.436,0.512,0.918,0.518,0.632,0.998,0.477,0.373,0.458,0.761,0.618,0.525,0.804,0.737,0.492,0.456,0.481,0.801,0.09,0.594,0.514,0.504,0.576,0.66,0.451,0.515,0.737,0.497,0.473,0.458,0.394,0.636,0.431,0.545,0.08,0.549,0.564,0.498,0.477,0.587,0.539,0.729,0.64,0.598,0.55,0.477,0.448,0.563,0.547,0.659,0.606,0.608,0.559,0.711,0.416,0.544,0.576,0.507,0.5,0.899,0.056,0.562,0.542,0.538,0.482,0.701,0.591,0.836,0.413,0.455,0.736,0.654,0.467,0.117,0.891,0.787,0.54,0.813,0.582,0.642,0.571,0.746,0.525,0.615,0.649,0.727,0.432,0.864,0.554,0.626,1.394,0.99,0.822,0.831
,,6,0.318,0.362,0.405,0.461,0.814,0.51,0.691,0.806,0.464,0.458,0.484,0.783,0.695,0.628,0.849,0.478,0.579,0.489,0.423,0.763,0.098,0.558,0.496,0.392,0.561,0.722,0.437,0.548,0.664,0.549,0.436,0.424,0.46,0.746,0.45,0.56,0.089,0.589,0.404,0.344,0.466,0.717,0.536,0.849,0.808,0.601,0.5,0.442,0.487,0.526,0.438,0.617,0.55,0.59,0.512,0.508,0.397,0.514,0.582,0.568,0.56,0.945,0.065,0.428,0.485,0.503,0.459,0.914,0.575,0.794,0.338,0.462,0.765,0.566,0.471,0.111,0.944,0.685,0.561,0.564,0.543,0.67,0.647,0.637,0.346,0.643,0.649,0.714,0.439,0.649,0.782,0.542,1.515,0.624,0.797,0.796
,,7,0.377,0.358,0.447,0.493,0.989,0.502,0.772,0.88,0.464,0.426,0.493,0.792,0.783,0.548,1.058,0.707,0.578,0.499,0.444,0.807,0.094,0.615,0.533,0.672,0.557,0.592,0.481,0.546,0.785,0.517,0.498,0.406,0.566,0.646,0.504,0.617,0.088,0.645,0.569,0.548,0.479,0.597,0.571,0.764,0.752,0.609,0.499,0.352,0.407,0.534,0.486,0.706,0.519,0.698,0.548,0.752,0.31,0.509,0.555,0.569,0.451,0.943,0.07,0.656,0.521,0.486,0.482,0.754,0.562,0.82,0.445,0.428,0.813,0.507,0.386,0.096,0.921,0.883,0.534,0.627,0.55,0.644,0.526,0.545,0.456,0.637,0.362,0.804,0.431,0.46,0.441,0.555,0.717,0.49,0.557,0.728
,,8,0.273,0.307,0.425,0.446,0.852,0.531,0.835,0.875,0.431,0.348,0.499,0.76,0.727,0.599,0.934,0.698,0.554,0.428,0.439,0.877,0.086,0.612,0.568,0.498,0.542,0.634,0.46,0.464,0.712,0.542,0.457,0.448,0.563,0.642,0.433,0.556,0.08,0.612,0.501,0.493,0.469,0.652,0.563,0.7,0.626,0.596,0.542,0.414,0.454,0.553,0.497,0.74,0.525,0.567,0.593,0.735,0.495,0.567,0.58,0.535,0.503,0.902,0.069,0.515,0.556,0.481,0.497,0.763,0.603,0.83,0.377,0.441,0.752,0.472,0.543,0.106,0.86,0.799,0.6,0.88,0.642,0.628,0.558,0.614,0.486,0.571,0.505,0.98,0.369,0.783,0.534,0.616,0.949,0.697,0.573,0.856
,,9,0.388,0.369,0.484,0.517,1.044,0.501,0.684,0.91,0.444,0.483,0.482,0.996,0.735,0.625,0.856,0.632,0.529,0.51,0.448,0.935,0.122,0.671,0.603,0.553,0.633,0.706,0.44,0.559,0.685,0.526,0.669,0.475,0.5,0.746,0.441,0.584,0.091,0.643,0.56,0.471,0.489,0.662,0.548,0.929,0.8,0.616,0.523,0.557,0.437,0.483,0.542,0.705,0.594,0.63,0.59,0.743,0.479,0.557,0.573,0.578,0.451,0.941,0.099,0.506,0.467,0.515,0.471,0.759,0.559,0.872,0.371,0.428,0.756,0.557,0.486,0.115,0.969,0.651,0.577,0.9,0.54,0.675,0.551,0.712,0.54,0.531,0.541,0.695,0.411,0.565,0.598,0.618,1.04,0.698,0.608,0.893
,,10,0.472,0.388,0.441,0.555,0.706,0.479,0.617,1,0.469,0.482,0.437,1.096,0.515,0.569,0.875,0.606,0.676,0.428,0.465,1.058,0.093,0.456,0.665,0.484,0.609,0.581,0.489,0.506,0.725,0.535,0.468,0.405,0.425,0.942,0.547,0.61,0.08,0.618,0.573,0.528,0.73,0.637,0.838,0.957,0.651,0.525,0.53,0.516,0.715,0.551,0.575,0.786,0.494,0.674,0.55,0.749,0.541,0.608,0.629,0.527,0.502,0.939,0.178,0.555,0.728,0.564,0.499,0.876,0.535,0.939,0.516,0.602,0.729,0.565,0.732,0.467,0.912,0.953,0.708,0.65,0.868,0.627,0.648,0.753,0.453,0.789,0.519,0.827,0.471,0.717,0.579,0.583,1.099,0.633,0.619,1.025
MIXED,1,1,0.378,0.448,0.567,0.639,0.907,0.751,0.734,0.73,0.93,0.551,0.593,1.167,0.716,0.714,0.967,0.928,0.62,0.587,0.574,1.048,0.09,0.665,0.624,0.512,0.669,0.737,0.584,0.586,0.826,0.598,0.596,0.62,0.664,0.714,0.61,0.747,0.08,0.643,0.658,0.517,0.415,0.711,0.657,1.041,0.674,0.643,0.725,0.518,0.677,0.588,0.584,0.691,0.589,0.753,0.729,0.9,0.481,0.623,0.841,0.558,0.488,0.962,0.123,0.612,0.572,0.587,0.523,0.86,0.553,0.895,0.519,0.447,0.812,0.499,0.5,0.353,0.993,0.822,0.584,0.454,0.791,0.634,0.744,0.845,0.565,0.782,0.42,0.687,0.589,0.477,0.676,1.02,0.682,0.618,0.649,0.933
,,2,0.403,0.435,0.569,0.553,0.911,0.671,0.82,0.955,0.474,0.531,0.58,0.983,0.715,0.746,1.003,0.875,0.624,0.501,0.651,0.998,0.097,0.512,0.757,0.549,0.583,0.758,0.637,0.524,0.915,0.682,0.671,0.652,0.378,0.729,0.57,0.726,0.087,0.671,0.728,0.604,0.459,0.741,0.711,0.956,0.815,0.727,0.761,0.607,0.535,0.562,0.539,0.693,0.568,0.774,0.744,0.846,0.382,0.537,0.671,0.566,0.496,0.855,0.309,0.734,0.562,0.581,0.51,0.863,0.609,0.84,0.461,0.494,0.791,0.562,0.501,0.101,0.906,0.84,0.644,0.471,0.491,0.603,0.578,0.602,0.643,0.568,0.496,0.743,0.415,0.54,0.66,0.69,0.759,0.637,0.664,0.89
,,3,0.471,0.424,0.569,0.741,0.935,0.595,0.664,0.778,0.612,0.558,0.602,1.036,0.74,0.723,0.949,0.767,0.877,0.658,0.62,1.061,0.086,0.695,0.689,0.567,0.654,0.648,0.622,0.587,0.708,0.567,0.583,0.559,0.716,0.74,0.557,0.692,0.085,0.602,0.649,0.594,0.608,0.784,0.618,0.822,0.619,0.737,0.655,0.69,0.649,0.517,0.666,0.69,0.583,0.648,0.66,0.769,0.49,0.554,0.67,0.572,0.577,0.837,0.239,0.682,0.53,0.466,0.648,0.922,0.557,0.845,0.397,0.648,0.732,0.686,0.545,0.109,0.77,0.83,0.624,0.635,0.423,0.637,0.555,0.67,0.594,0.616,0.498,0.755,0.479,0.532,0.607,0.62,0.734,0.685,0.654,0.939
,,4,0.391,0.397,0.486,0.548,0.889,0.561,0.558,0.799,0.517,0.412,0.452,0.863,0.566,0.664,0.792,0.678,0.718,0.444,0.495,0.94,0.092,0.523,0.596,0.401,0.571,0.608,0.433,0.526,0.652,0.493,0.419,0.455,0.615,0.643,0.564,0.616,0.091,0.565,0.521,0.516,0.424,0.653,0.581,0.817,0.616,0.593,0.527,0.517,0.425,0.535,0.515,0.711,0.562,0.631,0.615,0.669,0.436,0.557,0.607,0.515,0.461,0.755,0.064,0.549,0.532,0.518,0.488,0.832,0.523,0.91,0.428,0.525,0.708,0.532,0.402,0.089,0.684,0.722,0.464,0.539,0.345,0.567,0.535,0.638,0.567,0.527,0.489,0.632,0.454,0.468,0.614,0.611,0.731,0.578,0.612,0.707
,,5,0.287,0.417,0.528,0.574,0.951,0.498,0.594,0.864,0.512,0.498,0.588,0.947,0.631,0.621,0.87,0.74,0.776,0.508,0.642,1.029,0.101,0.529,0.559,0.479,0.711,0.701,0.561,0.692,0.747,0.721,0.589,0.505,0.817,0.662,0.491,0.624,0.108,0.568,0.509,0.573,0.456,0.635,0.627,0.831,0.81,0.628,0.641,0.578,0.566,0.556,0.644,0.667,0.686,0.636,0.671,0.796,0.451,0.663,0.619,0.569,0.539,0.755,0.053,0.634,0.668,0.66,0.539,0.762,0.578,0.949,0.37,0.59,0.863,0.689,0.538,0.107,0.853,0.935,0.575,0.663,0.492,0.676,0.553,0.772,0.583,0.698,0.538,0.752,0.513,0.617,0.653,0.719,0.772,0.706,0.687,0.782
,,6,0.388,0.489,0.476,0.617,0.936,0.623,0.696,0.912,0.522,0.491,0.512,0.906,0.605,0.613,1.216,0.69,0.74,0.501,0.468,0.879,0.089,0.443,0.565,0.505,0.673,0.655,0.506,0.55,0.728,0.627,0.497,0.557,0.446,0.638,0.514,0.632,0.099,0.576,0.566,0.601,0.443,0.666,0.776,0.768,0.701,0.693,0.636,0.64,0.547,0.552,0.556,0.67,0.646,0.529,0.663,0.714,0.656,0.627,0.6,0.55,0.5,0.891,0.054,0.686,0.65,0.553,0.443,0.646,0.567,0.744,0.419,0.617,0.866,0.569,0.375,0.102,0.826,0.834,0.571,0.538,0.409,0.642,0.529,0.618,0.518,0.535,0.597,0.761,0.444,0.576,0.729,0.58,0.761,0.617,0.589,0.751
,,7,0.33,0.448,0.492,0.578,0.971,0.586,0.671,0.982,0.609,0.574,0.5,0.876,0.597,0.613,0.824,0.804,0.784,0.522,0.437,0.792,0.08,0.467,0.544,0.488,0.533,0.574,0.46,0.51,0.619,0.555,0.48,0.51,0.564,0.602,0.499,0.551,0.093,0.538,0.543,0.539,0.482,0.688,0.534,0.638,0.581,0.55,0.548,0.522,0.448,0.545,0.502,0.642,0.519,0.482,0.674,0.605,0.473,0.601,0.574,0.476,0.436,0.813,0.052,0.647,0.529,0.589,0.463,0.624,0.549,0.735,0.413,0.512,0.784,0.57,0.424,0.11,0.717,0.766,0.466,0.588,0.389,0.582,0.477,0.617,0.539,0.537,0.519,0.752,0.381,0.548,0.6,0.552,0.728,0.654,0.661,0.778
,,8,0.327,0.381,0.555,0.529,0.866,0.604,0.735,0.896,0.542,0.49,0.432,0.816,0.758,0.657,0.807,0.732,0.719,0.477,0.559,0.851,0.085,0.46,0.533,0.493,0.69,0.724,0.472,0.491,0.636,0.526,0.511,0.496,0.653,0.784,0.502,0.554,0.096,0.532,0.599,0.554,0.613,0.728,0.638,0.722,0.61,0.572,0.616,0.623,0.448,0.585,0.57,0.651,0.542,0.536,0.615,0.668,0.502,0.58,0.612,0.527,0.486,0.817,0.051,0.663,0.474,0.552,0.484,0.67,0.535,0.83,0.433,0.579,0.726,0.549,0.438,0.106,0.668,0.727,0.474,0.522,0.491,0.509,0.61,0.575,0.44,0.567,0.543,0.663,0.402,0.463,0.577,0.527,0.702,0.573,0.612,0.784
,,9,0.368,0.538,0.559,0.507,0.963,0.419,0.742,0.785,0.574,0.425,0.513,0.847,0.749,0.663,1.089,0.838,0.907,0.551,0.536,1.055,0.087,0.674,0.691,0.46,0.647,0.651,0.605,0.58,0.671,0.673,0.527,0.555,0.637,0.742,0.879,0.712,0.1,0.554,0.691,0.528,0.547,0.708,0.58,0.797,0.709,0.68,0.65,0.513,0.613,0.55,0.61,0.719,0.67,0.738,0.678,0.656,0.553,0.572,0.599,0.614,0.579,0.997,0.053,0.644,0.64,0.57,0.442,0.838,0.517,0.781,0.378,0.526,0.764,0.52,0.428,0.123,0.751,0.894,0.421,0.538,0.457,0.525,0.495,0.572,0.461,0.616,0.474,0.683,0.392,0.557,0.613,0.547,0.65,0.559,0.621,0.757
,,10,0.37,0.621,0.622,0.588,1.013,0.548,0.687,0.786,0.628,0.541,0.568,0.983,0.76,0.657,0.961,0.76,0.849,0.627,0.653,1.066,0.102,0.487,0.614,0.416,0.619,0.897,0.64,0.793,0.828,0.603,0.547,0.471,0.647,0.734,0.577,0.574,0.092,0.512,0.697,0.552,0.542,0.754,0.602,0.888,0.705,0.638,0.68,0.545,0.497,0.671,0.71,0.743,0.718,0.588,0.682,0.757,0.675,0.611,0.609,0.547,0.471,0.861,0.058,0.641,0.554,0.584,0.558,0.757,0.556,0.771,0.586,0.606,0.732,0.587,0.515,0.095,0.882,0.973,0.58,0.557,0.423,0.58,0.481,0.577,0.487,0.644,0.528,0.695,0.437,0.496,0.614,0.518,0.661,0.728,0.602,0.784
,2,1,0.372,0.455,0.504,0.662,0.835,0.544,0.639,0.726,0.576,0.442,0.602,0.931,0.948,0.642,0.861,0.673,0.896,0.519,0.648,0.996,0.195,0.603,0.601,0.53,0.67,0.777,0.655,0.633,0.868,0.606,0.501,0.6,0.682,0.738,0.531,0.682,0.131,0.536,0.661,0.468,0.56,0.766,0.669,0.915,0.709,0.627,0.586,0.422,0.507,0.582,0.756,0.651,0.536,0.642,0.638,0.679,0.496,0.573,0.627,0.501,0.468,0.82,0.078,0.548,0.608,0.558,0.519,0.822,0.623,0.752,0.414,0.495,0.872,0.513,0.48,0.112,0.942,0.71,0.627,0.445,0.479,0.636,0.563,0.577,0.575,0.469,0.446,0.661,0.532,0.521,0.547,0.503,0.643,0.477,0.533,0.812
,,2,0.436,0.492,0.54,0.547,0.887,0.541,0.671,0.867,0.621,0.483,0.7,1.05,0.99,0.77,0.997,0.845,1.099,0.631,0.649,1.038,0.256,0.773,0.732,0.766,0.775,0.692,0.733,0.747,0.98,0.582,0.708,0.465,0.671,0.688,0.645,0.812,0.104,0.599,0.69,0.599,0.641,0.735,0.831,0.951,0.76,0.696,0.598,0.463,0.575,0.718,0.898,0.715,0.895,0.77,0.721,0.73,0.628,0.674,0.717,0.61,0.525,1.007,0.078,0.53,0.636,0.623,0.58,0.922,0.681,0.967,0.396,0.524,0.759,0.605,0.562,0.101,0.842,0.862,0.63,0.592,0.514,0.615,0.453,0.57,0.483,0.659,0.513,0.725,0.524,0.541,0.628,0.563,0.727,0.611,0.669,0.83
,,3,0.471,0.719,0.639,0.66,1,0.51,0.657,0.787,0.631,0.536,0.596,0.872,0.738,0.633,0.878,0.799,0.803,0.56,0.537,0.963,0.107,0.653,0.686,0.444,0.618,0.754,0.603,0.507,0.719,0.54,0.63,0.441,0.665,0.71,0.482,0.647,0.14,0.521,0.613,0.505,0.635,0.761,0.63,0.846,0.777,0.66,0.65,0.485,0.438,0.59,0.717,0.673,0.37,0.633,0.585,0.641,0.451,0.55,0.574,0.521,0.556,0.719,0.16,0.504,0.564,0.529,0.496,0.722,0.568,0.756,0.471,0.488,0.745,0.586,0.549,0.115,0.851,0.69,0.601,0.507,0.461,0.716,0.562,0.702,0.542,0.654,0.481,0.663,0.432,0.536,0.554,0.624,0.659,0.564,0.601,0.878
, ,4,0.479,0.612,0.589,0.678,1.217,0.648,0.719,0.901,0.659,0.61,0.748,0.977,0.756,0.697,0.936,0.828,0.968,0.597,0.636,1.036,0.086,0.522,0.659,0.53,0.729,0.836,0.691,0.639,0.819,0.618,0.544,0.691,0.504,0.774,0.608,0.702,0.103,0.58,0.667,0.557,0.605,0.773,0.698,0.899,0.718,0.692,0.647,0.681,0.576,0.589,0.669,0.838,0.588,0.664,0.655,0.722,0.639,0.618,0.71,0.582,0.496,0.844,0.057,0.66,0.63,0.55,0.58,0.747,0.607,0.813,0.387,0.517,0.782,0.547,0.446,0.099,0.901,0.821,0.519,0.547,0.458,0.585,0.545,0.618,0.458,0.598,0.469,0.782,0.438,0.49,0.453,0.526,0.636,0.484,0.5,0.64
,,5,0.504,0.612,0.709,0.679,1.007,0.503,0.705,0.88,0.651,0.475,0.597,0.98,0.695,0.612,0.894,0.751,0.846,0.554,0.517,0.862,0.121,0.527,0.539,0.654,0.739,0.621,0.524,0.515,0.82,0.585,0.557,0.5,0.621,0.63,0.439,0.663,0.092,0.58,0.502,0.609,0.635,0.609,0.539,0.691,0.815,0.58,0.576,0.593,0.493,0.501,0.517,0.624,0.645,0.567,0.523,0.755,0.487,0.546,0.566,0.499,0.815,0.828,0.087,0.853,0.515,0.518,0.464,0.613,0.751,0.763,0.384,0.551,0.643,0.569,0.536,0.119,0.831,0.8,0.577,0.55,0.414,0.73,0.543,0.579,0.504,0.667,0.831,0.652,0.398,0.454,0.503,0.731,0.684,0.665,0.623,0.796
,,6,0.321,0.336,0.317,0.412,0.843,0.497,0.546,0.676,0.39,0.338,0.346,0.77,0.608,0.474,0.706,0.561,0.554,0.365,0.379,0.774,0.082,0.333,0.475,0.362,0.494,0.509,0.387,0.41,0.56,0.41,0.394,0.375,0.41,0.477,0.375,0.501,0.096,0.471,0.483,0.484,0.356,0.588,0.498,0.678,0.532,0.457,0.477,0.478,0.308,0.407,0.434,0.57,0.43,0.433,0.542,0.69,0.353,0.395,0.474,0.417,0.382,0.641,0.051,0.535,0.372,0.42,0.364,0.738,0.462,0.601,0.328,0.423,0.553,0.436,0.312,0.079,0.636,0.617,0.433,0.546,0.311,0.461,0.446,0.57,0.539,0.43,0.382,0.572,0.392,0.408,0.532,0.477,0.556,0.503,0.463,0.575
,,7,0.256,0.323,0.436,0.386,0.81,0.454,0.409,0.567,0.296,0.363,0.391,0.642,0.482,0.442,0.591,0.371,0.406,0.342,0.283,0.701,0.063,0.353,0.493,0.264,0.328,0.502,0.346,0.387,0.531,0.385,0.334,0.294,0.342,0.449,0.304,0.445,0.105,0.391,0.381,0.345,0.367,0.666,0.454,0.543,0.473,0.367,0.376,0.289,0.262,0.419,0.405,0.542,0.351,0.359,0.45,0.451,0.329,0.362,0.478,0.376,0.355,0.584,0.052,0.337,0.332,0.319,0.346,0.511,0.453,0.526,0.16,0.325,0.471,0.37,0.297,0.074,0.555,0.685,0.311,0.4,0.252,0.523,0.438,0.567,0.496,0.453,0.39,0.458,0.341,0.394,0.567,0.538,0.627,0.496,0.386,0.563
,,8,0.38,0.454,0.508,0.579,0.825,0.575,0.662,0.848,0.486,0.468,0.484,0.844,0.778,0.582,0.843,0.719,0.754,0.507,0.682,0.937,0.28,0.551,0.607,0.478,0.582,0.623,0.579,0.527,0.688,0.605,0.585,0.668,0.438,0.591,0.473,0.6,0.389,0.582,0.506,0.632,0.49,0.727,0.658,0.772,0.565,0.582,0.611,0.544,0.399,0.575,0.547,0.661,0.54,0.618,0.679,0.668,0.428,0.538,0.645,0.54,0.712,0.951,0.147,0.625,0.559,0.553,0.487,0.729,0.766,0.714,0.458,0.683,0.681,0.593,0.44,0.137,0.852,0.786,0.611,0.52,0.392,0.762,0.525,0.607,0.546,0.618,0.474,0.859,0.472,0.528,0.576,0.569,0.656,0.566,0.492,0.85
,,9,0.451,0.57,0.634,0.794,1.18,0.592,0.613,0.939,0.578,0.566,0.632,0.92,0.912,0.67,0.897,0.836,0.839,0.554,0.609,0.978,0.081,0.658,0.805,0.472,0.699,0.763,0.533,0.587,0.758,0.533,0.554,0.533,0.644,0.712,0.524,0.622,0.076,0.539,0.642,0.542,0.537,0.75,0.671,0.848,0.666,0.651,0.633,0.545,0.471,0.573,0.621,0.718,0.552,0.595,0.65,0.761,0.501,0.559,0.643,0.533,0.522,0.869,0.255,0.741,0.692,0.583,0.569,0.801,0.584,0.852,0.48,0.723,0.858,0.61,0.499,0.167,0.823,0.82,0.759,0.533,0.478,0.764,0.539,0.709,0.59,0.625,0.586,0.727,0.422,0.61,0.646,1.026,0.755,0.587,0.66,0.861
,,10,0.317,0.533,0.499,0.58,0.877,0.518,0.595,0.835,0.532,0.501,0.596,1.007,0.725,0.609,0.855,0.772,0.8,0.514,0.333,1.341,0.095,0.842,0.695,0.637,0.642,0.664,0.472,0.839,0.75,0.646,0.483,0.468,0.549,0.671,0.49,0.599,0.086,0.582,0.687,0.698,0.538,0.689,0.616,0.804,0.759,0.62,0.738,0.548,0.496,0.592,0.652,0.631,0.703,0.718,0.708,0.836,0.5,0.515,0.599,0.507,0.493,0.886,0.748,0.691,0.587,0.545,0.574,1.015,0.613,0.905,0.475,0.741,0.822,0.671,0.466,0.11,0.8,0.935,0.787,0.694,0.539,0.795,0.603,0.752,0.531,0.656,0.586,0.869,0.564,0.669,0.766,0.612,0.926,1.179,0.855,0.956
,3,1,0.326,0.424,0.444,0.471,0.726,0.483,0.54,0.67,0.364,0.41,0.435,0.842,0.595,0.611,0.747,0.501,0.394,0.511,0.416,1.003,0.124,0.537,0.526,0.36,0.393,0.629,0.49,0.42,0.692,0.474,0.419,0.271,0.339,0.634,0.407,0.567,0.187,0.436,0.495,0.432,0.345,0.652,0.577,0.881,0.631,0.606,0.456,0.36,0.336,0.558,0.46,0.67,0.489,0.567,0.605,0.504,0.416,0.672,0.537,0.516,0.465,0.891,0.118,0.543,0.406,0.522,0.439,0.836,0.569,0.688,0.52,0.452,0.515,0.452,0.467,0.143,0.816,0.748,0.61,0.707,0.357,0.548,0.547,0.573,0.497,0.495,0.509,0.691,0.32,0.35,0.45,0.458,0.534,0.562,0.452,0.581
,,2,0.383,0.388,0.431,0.451,0.949,0.503,0.563,0.695,0.447,0.35,0.489,0.843,0.582,0.481,0.618,0.632,0.632,0.486,0.347,0.836,0.107,0.403,0.492,0.305,0.484,0.537,0.434,0.434,0.674,0.439,0.401,0.406,0.551,0.574,0.353,0.431,0.085,0.473,0.411,0.416,0.515,0.581,0.382,0.543,0.798,0.5,0.476,0.299,0.347,0.432,0.453,0.54,0.463,0.486,0.5,0.458,0.371,0.406,0.524,0.42,0.396,0.718,0.158,0.492,0.423,0.376,0.374,0.53,0.68,0.65,0.343,0.349,0.555,0.421,0.645,0.083,0.694,0.829,0.383,0.342,0.306,0.455,0.601,0.54,0.639,0.479,0.342,0.451,0.316,0.436,0.506,0.431,0.738,0.472,0.404,0.541
,,3,0.279,0.349,0.435,0.498,1.028,0.49,0.539,0.617,0.468,0.347,0.498,0.847,0.552,0.487,0.679,0.689,0.606,0.348,0.376,0.722,0.075,0.395,0.465,0.306,0.546,0.517,0.361,0.424,0.539,0.396,0.367,0.284,0.548,0.49,0.387,0.447,0.081,0.498,0.408,0.43,0.475,0.488,0.523,0.595,0.508,0.406,0.444,0.354,0.36,0.469,0.458,0.557,0.451,0.418,0.5,0.495,0.361,0.412,0.447,0.41,0.362,0.7,0.056,0.406,0.414,0.353,0.333,0.439,0.455,0.629,0.264,0.424,0.581,0.361,0.314,0.075,0.594,0.737,0.367,0.385,0.286,0.463,0.482,0.523,0.456,0.442,0.344,0.466,0.365,0.368,0.464,0.388,0.568,0.415,0.46,0.539
,,4,0.471,0.485,0.529,0.516,0.947,0.456,0.589,0.846,0.618,0.633,0.506,0.973,0.648,0.641,0.935,0.803,0.626,0.574,0.548,1.125,0.091,0.548,0.571,0.509,0.793,0.625,0.449,0.562,0.737,0.534,0.499,0.503,0.691,0.681,0.444,0.537,0.087,0.614,0.497,0.539,0.56,0.572,0.552,0.761,0.618,0.621,0.522,0.584,0.415,0.494,0.502,0.631,0.497,0.63,0.577,0.874,0.579,0.572,0.54,0.47,0.481,0.808,0.058,0.748,0.508,0.543,0.485,0.704,0.537,0.771,0.373,0.719,0.804,0.553,0.447,0.096,0.798,0.723,0.614,0.504,0.613,0.698,0.584,0.662,0.512,0.607,0.6,0.707,0.436,0.529,0.663,0.599,0.82,0.733,0.799,0.8
,,5,0.364,0.359,0.563,0.504,0.822,0.573,0.585,0.906,0.413,0.807,0.458,0.878,0.708,0.622,0.779,0.947,0.607,0.406,0.4,0.89,0.093,0.444,0.495,0.48,0.436,0.558,0.413,0.477,0.687,0.499,0.454,0.445,0.355,0.551,0.366,0.486,0.094,0.57,0.407,0.684,0.361,0.536,0.52,0.734,0.502,0.481,0.472,0.458,0.374,0.358,0.438,0.632,0.461,0.49,0.489,0.657,0.412,0.425,0.518,0.443,0.383,0.764,0.081,0.627,0.4,0.43,0.413,0.638,0.524,0.683,0.298,0.699,0.6,0.404,0.363,0.102,0.736,0.867,0.421,0.741,0.408,0.499,0.484,0.499,0.542,0.633,0.579,0.734,0.449,0.476,0.592,0.524,0.754,0.699,0.816,0.721
,,6,0.341,0.341,0.371,0.452,1.026,0.405,0.532,0.749,0.492,0.339,0.476,0.796,0.568,0.445,0.675,0.509,0.553,0.37,0.367,0.818,0.078,0.42,0.457,0.321,0.448,0.467,0.382,0.42,0.576,0.381,0.397,0.279,0.384,0.503,0.317,0.456,0.088,0.447,0.45,0.413,0.452,0.574,0.416,0.535,0.516,0.405,0.492,0.265,0.35,0.362,0.385,0.594,0.435,0.444,0.549,0.553,0.319,0.393,0.467,0.434,0.398,0.715,0.06,0.525,0.38,0.339,0.342,0.508,0.506,0.695,0.292,0.359,0.604,0.371,0.299,0.084,0.606,0.624,0.436,0.355,0.346,0.446,0.444,0.551,0.447,0.431,0.386,0.427,0.332,0.42,0.526,0.46,0.588,0.504,0.411,0.662
,,7,0.331,0.298,0.39,0.504,0.967,0.376,0.575,0.725,0.375,0.442,0.348,0.74,0.484,0.467,0.706,0.426,0.416,0.622,0.295,0.765,0.074,0.308,0.649,0.308,0.419,0.47,0.311,0.419,0.606,0.388,0.272,0.266,0.354,0.42,0.281,0.424,0.099,0.444,0.356,0.378,0.376,0.588,0.49,0.547,0.503,0.383,0.41,0.281,0.289,0.393,0.372,0.535,0.381,0.371,0.526,0.598,0.315,0.877,0.461,0.353,0.328,0.686,0.055,0.459,0.34,0.328,0.338,0.515,0.482,0.577,0.257,0.418,0.524,0.317,0.272,0.077,0.626,0.71,0.424,0.396,0.338,0.514,0.417,0.504,0.48,0.536,0.308,0.496,0.311,0.408,0.513,0.452,0.609,0.537,0.526,0.545
,,8,0.35,0.312,0.406,0.45,0.955,0.535,0.581,0.737,0.476,0.302,0.43,0.825,0.535,0.519,0.761,0.532,0.384,0.384,0.496,0.765,0.089,0.406,0.378,0.311,0.431,0.576,0.433,0.415,0.564,0.393,0.477,0.303,0.422,0.597,0.39,0.483,0.107,0.537,0.369,0.433,0.408,0.549,0.509,0.678,0.526,0.461,0.396,0.382,0.328,0.442,0.459,0.595,0.441,0.446,0.455,0.599,0.305,0.368,0.491,0.385,0.333,0.669,0.062,0.448,0.378,0.361,0.382,0.559,0.543,0.685,0.306,0.407,0.625,0.356,0.379,0.092,0.689,0.601,0.383,0.403,0.351,0.472,0.453,0.461,0.389,0.437,0.335,0.519,0.344,0.387,0.504,0.45,0.601,0.467,0.467,0.674
,,9,0.309,0.468,0.468,0.509,0.899,0.537,0.623,0.774,0.599,0.408,0.446,0.986,0.515,0.646,0.913,0.713,0.577,0.557,0.517,0.945,0.087,0.489,0.56,0.424,0.568,0.593,0.626,0.468,0.662,0.524,0.485,0.429,0.382,0.634,0.627,0.544,0.092,0.633,0.479,0.862,0.45,0.6,0.747,0.684,0.724,0.639,0.555,0.456,0.366,0.544,0.684,0.633,0.528,0.571,0.628,0.766,0.429,0.493,0.795,0.657,0.437,0.973,0.058,0.587,0.466,0.473,0.635,0.919,0.557,0.827,0.399,0.444,0.717,0.434,0.455,0.095,0.766,0.704,0.48,0.519,0.483,0.633,0.785,0.537,0.513,0.598,0.582,0.598,0.437,0.58,0.624,0.656,0.856,0.74,0.734,0.735
,,10,0.377,0.435,0.508,0.551,0.904,0.495,0.673,0.901,0.481,0.56,0.519,0.931,0.649,0.573,0.896,0.746,0.677,0.497,0.513,0.9,0.083,0.538,0.552,0.642,0.674,0.757,0.608,0.504,0.758,0.515,0.474,0.57,0.464,0.717,0.509,0.601,0.082,0.609,0.556,0.783,0.505,0.74,0.633,0.789,0.651,0.64,0.577,0.451,0.48,0.52,0.498,0.609,0.539,0.613,0.515,0.646,0.528,0.519,0.726,0.508,0.79,1.094,0.057,0.734,0.523,0.516,0.524,0.666,0.534,0.925,0.43,0.508,0.713,0.534,0.533,0.106,1.016,0.687,0.502,0.684,0.588,0.555,0.572,0.636,0.495,0.59,0.534,0.615,0.467,0.508,0.473,0.457,0.615,0.554,0.966,1.061
,4,1,0.464,0.279,0.4,0.46,0.979,0.461,0.538,0.654,0.413,0.314,0.319,0.74,0.691,0.425,0.818,0.442,0.468,0.343,0.433,0.97,0.071,0.335,0.52,0.35,0.434,0.459,0.355,0.494,0.598,0.438,0.385,0.295,0.438,0.515,0.346,0.383,0.085,0.538,0.403,0.445,0.381,0.439,0.318,0.645,0.54,0.413,0.426,0.405,0.342,0.385,0.478,0.553,0.376,0.433,0.577,0.54,0.418,0.489,0.445,0.39,0.41,0.773,0.06,0.413,0.425,0.389,0.392,0.514,0.454,0.647,0.201,0.426,0.562,0.377,0.339,0.082,0.594,0.559,0.387,0.38,0.434,0.405,0.523,0.552,0.49,0.469,0.351,0.579,0.321,0.366,0.542,0.428,0.515,0.445,0.383,0.57
,,2,0.293,0.319,0.373,0.423,1.061,0.394,0.554,0.81,0.442,0.319,0.461,0.896,0.643,0.447,0.774,0.457,0.595,0.33,0.372,0.887,0.066,0.419,0.55,0.321,0.427,0.493,0.397,0.508,0.684,0.418,0.335,0.333,0.484,0.561,0.346,0.552,0.115,0.446,0.513,0.457,0.411,0.49,0.417,0.74,0.526,0.425,0.387,0.36,0.345,0.369,0.458,0.54,0.361,0.459,0.542,0.702,0.356,0.405,0.394,1.099,0.37,0.649,0.061,0.499,0.386,0.487,0.337,0.654,0.5,0.643,0.421,0.461,0.534,0.376,0.3,0.111,0.827,0.609,0.536,0.519,0.386,0.419,0.518,0.68,0.404,0.469,0.338,0.661,0.324,0.445,0.541,0.671,0.795,0.511,0.428,0.638
,,3,0.258,0.325,0.436,0.5,0.961,0.46,0.578,0.79,0.458,0.44,0.572,0.935,0.637,0.607,0.899,0.738,0.536,0.53,0.482,0.918,0.087,0.384,0.547,0.499,0.582,0.73,0.612,0.575,0.76,0.515,0.498,0.428,0.644,0.695,0.486,0.564,0.086,0.601,0.559,0.705,0.499,0.638,0.654,0.772,0.752,0.578,0.571,0.529,0.413,0.526,0.587,0.859,0.644,0.606,0.536,0.908,0.547,0.625,0.667,0.521,0.514,0.894,0.099,0.814,0.499,0.603,0.621,0.811,0.541,0.89,0.474,0.584,0.765,0.573,0.528,0.12,1.022,0.811,0.505,0.594,0.552,0.593,0.505,0.513,0.454,0.526,0.442,0.623,0.356,0.458,0.551,0.521,0.708,0.614,0.464,0.734
,,4,0.303,0.371,0.435,0.529,1.039,0.463,0.714,0.758,0.508,0.309,0.444,0.849,0.58,0.435,0.685,0.477,0.518,0.502,0.421,0.875,0.073,0.323,0.458,0.352,0.48,0.591,0.399,0.443,0.6,0.408,0.346,0.475,0.405,0.525,0.331,0.417,0.098,0.473,0.4,0.413,0.428,0.427,0.447,0.916,0.496,0.411,0.377,0.362,0.35,0.419,0.444,0.589,0.442,0.42,0.453,0.553,0.37,0.375,0.407,0.381,0.378,0.805,0.058,0.402,0.396,0.397,0.404,0.59,0.461,0.686,0.296,0.387,0.538,0.376,0.49,0.144,0.678,0.636,0.398,0.35,0.42,0.406,0.406,0.522,0.444,0.411,0.311,0.563,0.318,0.511,0.668,0.558,0.726,0.528,0.574,0.745
,,5,0.326,0.517,0.681,0.664,1.288,0.554,0.648,0.883,0.521,0.42,0.551,0.8,0.661,0.648,0.817,0.897,0.643,0.482,0.453,0.992,0.093,0.623,0.652,0.56,0.609,0.6,0.503,0.821,0.621,0.571,0.591,0.477,0.481,0.648,0.396,0.698,0.097,0.521,0.43,0.495,0.436,0.588,0.496,0.846,0.6,0.741,0.535,0.419,0.394,0.541,0.431,0.839,0.468,0.62,0.605,0.662,0.382,0.429,0.507,0.466,0.461,1.16,0.254,0.556,0.457,0.441,0.439,0.817,0.49,0.878,0.447,0.59,0.716,0.401,0.399,0.422,0.821,0.815,0.733,0.412,0.484,0.636,0.512,0.604,0.346,0.502,0.526,0.724,0.34,0.602,0.592,0.653,0.714,0.633,0.569,0.889
,,6,0.347,0.404,0.509,0.573,1.111,0.524,0.673,0.869,0.658,0.417,0.581,1.063,0.577,0.57,0.888,0.757,0.643,0.421,0.526,0.902,0.089,0.858,0.482,0.446,0.609,0.537,0.449,0.58,0.74,0.525,0.604,0.528,0.51,0.657,0.483,0.661,0.081,0.525,0.508,0.528,0.578,0.666,0.656,1.026,0.557,0.778,0.572,0.46,0.488,0.572,0.574,0.859,0.632,0.644,0.561,0.669,0.527,0.582,0.709,0.585,0.508,0.884,0.064,0.523,0.512,0.545,0.492,0.818,0.529,1.035,0.385,0.441,0.732,0.531,0.517,0.116,0.909,0.791,0.549,0.514,0.523,0.595,0.516,0.585,0.39,0.573,0.515,0.696,0.413,0.556,0.614,0.691,0.776,0.599,0.559,0.905
,,7,0.384,0.351,0.335,0.51,1.054,0.427,0.543,0.708,0.387,0.31,0.4,0.827,0.576,0.438,0.634,0.369,0.441,0.414,0.296,0.914,0.072,0.408,0.453,0.354,0.438,0.382,0.313,0.417,0.581,0.389,0.342,0.303,0.405,0.515,0.297,0.443,0.093,0.528,0.378,0.469,0.517,0.641,0.456,0.54,0.536,0.41,0.39,0.32,0.403,0.438,0.443,0.569,0.435,0.412,0.449,0.561,0.394,0.493,0.547,0.433,0.349,0.652,0.06,0.388,0.433,0.413,0.356,0.514,0.477,0.712,0.26,0.347,0.546,0.392,0.291,0.084,0.67,0.743,0.363,0.308,0.438,0.523,0.458,0.584,0.382,0.504,0.355,0.541,0.338,0.507,0.573,0.542,0.585,0.536,0.522,0.603
,,8,0.41,0.429,0.518,0.617,1.258,0.579,0.667,0.845,0.549,0.364,0.454,0.898,0.594,0.706,0.93,0.813,0.681,0.404,0.561,0.967,0.091,0.597,0.553,0.983,0.639,0.561,0.497,0.617,0.706,0.496,0.463,0.562,0.533,0.624,0.437,0.528,0.096,0.631,0.441,0.687,0.572,0.655,0.687,0.701,0.572,0.575,0.529,0.508,0.43,0.583,0.513,0.621,0.572,0.621,0.627,0.7,0.581,0.57,0.715,0.543,0.435,0.888,0.059,0.698,0.486,0.562,0.495,0.629,0.593,0.849,0.387,0.442,0.836,0.575,0.401,0.095,0.871,0.759,0.572,0.527,0.478,0.497,0.518,0.627,0.483,0.6,0.468,0.647,0.301,0.622,0.599,0.687,0.763,0.58,1.079,0.87
,,9,0.368,0.341,0.45,0.524,1.037,0.535,0.796,0.999,0.523,0.371,0.444,0.973,0.742,0.647,0.977,0.849,0.725,0.423,0.432,0.895,0.088,0.56,0.651,0.867,0.635,0.556,0.446,0.496,0.63,0.558,0.586,0.443,0.558,0.672,0.492,0.661,0.088,0.622,0.547,0.784,0.617,0.713,0.547,0.735,0.589,0.642,0.519,0.727,0.45,0.534,0.615,0.741,0.546,0.587,0.569,1.016,0.505,0.53,0.554,0.568,0.653,1.052,0.086,0.6,0.545,0.546,0.47,0.666,0.585,0.836,0.377,1.212,0.73,0.628,0.433,0.094,0.935,0.789,0.582,0.595,0.616,0.672,0.527,0.598,0.483,0.666,0.511,0.747,0.368,0.554,0.644,0.601,0.785,0.643,0.567,0.858
,,10,0.546,0.387,0.428,0.529,1.125,0.518,0.745,0.904,0.595,0.469,0.451,0.758,0.776,0.613,0.904,0.676,0.652,0.406,0.486,0.878,0.093,0.536,0.64,0.418,0.705,0.62,0.561,0.53,0.773,0.471,0.539,0.476,0.534,0.651,0.485,0.486,0.085,0.574,0.585,0.503,0.907,0.6,0.583,0.806,0.653,0.627,0.55,0.507,0.432,0.47,0.542,0.768,0.527,0.667,0.542,0.819,0.473,0.695,0.549,0.432,0.471,0.749,0.336,0.556,0.509,0.58,0.606,0.587,0.522,0.773,0.559,0.568,0.876,0.539,0.478,0.102,0.916,0.823,0.621,0.53,0.483,0.635,0.502,0.643,0.515,0.571,0.421,0.84,0.47,0.586,0.628,0.766,0.928,0.604,0.61,0.744
,5,1,0.485,0.432,0.703,0.625,0.98,0.439,0.758,0.909,0.636,0.602,0.616,1.081,0.876,0.717,0.899,0.752,0.81,0.606,0.577,1.067,0.101,0.981,0.63,0.469,0.776,0.738,0.515,0.594,0.795,0.72,0.597,0.432,0.568,0.755,0.596,0.598,0.081,0.651,0.574,0.533,0.621,0.654,0.825,0.837,0.681,0.769,0.769,0.558,0.519,0.608,0.572,0.978,0.64,0.801,0.688,0.664,0.552,0.617,0.697,0.641,0.543,1.248,0.103,0.712,0.559,0.611,0.701,0.932,0.584,0.887,0.406,0.48,0.797,0.597,0.494,0.251,0.922,0.761,0.537,0.6,0.682,0.562,0.529,0.602,0.457,0.725,0.549,0.899,0.425,0.553,0.539,0.52,0.795,0.855,0.527,0.855
,,2,0.408,0.384,0.463,0.465,1.089,0.425,0.687,0.995,0.539,0.538,0.546,0.814,0.614,0.713,0.876,0.72,0.694,0.614,0.602,0.758,0.098,0.673,0.619,0.533,0.694,0.901,0.59,0.528,0.912,0.777,0.65,0.433,0.672,0.734,0.478,0.662,0.107,0.567,0.629,0.564,0.623,0.812,0.735,0.835,0.709,0.643,0.566,0.388,0.499,0.59,0.61,0.83,0.623,0.7,0.663,0.789,0.5,0.633,0.637,0.57,0.599,0.908,0.248,0.516,0.553,0.64,0.532,0.881,0.552,0.847,0.502,0.896,0.816,0.636,0.425,0.166,0.908,0.848,0.552,0.448,0.649,0.657,0.532,0.691,0.402,0.703,0.449,0.806,0.443,0.523,0.539,0.505,0.754,0.594,0.439,0.772
,,3,0.31,0.332,0.531,0.483,1.006,0.38,0.571,0.851,0.42,0.561,0.485,0.945,0.795,0.566,0.733,0.999,0.529,0.555,0.483,0.898,0.091,0.649,0.503,0.484,0.637,0.635,0.502,0.464,0.761,0.538,0.461,0.392,0.549,0.731,0.5,0.598,0.091,0.584,0.492,0.536,0.579,0.652,0.654,0.792,0.636,0.672,0.591,0.47,0.418,0.494,0.558,0.825,0.537,0.589,0.596,0.803,0.469,0.537,0.553,0.562,0.464,0.808,0.072,0.678,0.55,0.609,0.546,0.785,0.576,0.894,0.402,0.615,0.805,0.514,0.511,0.108,0.97,0.753,0.617,0.55,0.517,0.625,0.548,0.768,0.433,0.6,0.541,0.67,0.328,0.572,0.589,0.666,0.685,0.668,0.461,0.748
,,4,0.513,0.29,0.416,0.45,0.815,0.39,0.544,0.889,0.359,0.44,0.45,0.849,0.519,0.539,0.811,0.605,0.46,0.462,0.472,0.889,0.091,0.501,0.516,0.625,0.519,0.571,0.462,0.485,0.714,0.521,0.483,0.645,0.426,0.662,0.432,0.538,0.079,0.55,0.529,0.692,0.473,0.57,0.593,0.81,0.534,0.554,0.512,0.514,0.409,0.454,0.493,0.644,0.484,0.553,0.533,0.856,0.42,0.484,0.528,0.521,0.439,0.893,0.134,0.56,0.46,0.49,0.529,0.818,0.501,0.782,0.366,0.468,0.757,0.501,0.435,0.114,0.825,0.701,0.526,0.624,0.537,0.578,0.572,0.576,0.405,0.49,0.434,0.805,0.277,0.466,0.547,0.499,0.713,0.65,0.53,0.791
,,5,0.405,0.391,0.581,0.642,1.039,0.47,0.751,0.778,0.544,0.51,0.502,0.855,0.604,0.572,1.027,0.87,0.678,0.565,0.582,1.095,0.118,0.735,0.557,0.461,0.567,0.582,0.462,0.55,0.761,0.556,0.579,0.514,0.469,0.718,0.511,0.77,0.258,0.574,0.592,0.525,0.504,0.688,0.616,0.989,0.959,0.634,0.53,0.64,0.424,0.483,0.489,0.807,0.688,0.667,0.595,0.725,0.471,0.54,0.579,0.725,0.622,0.926,0.068,0.705,0.508,0.524,0.513,0.936,0.663,0.81,0.616,0.766,0.762,0.466,0.444,0.305,1.021,0.929,0.599,0.661,0.578,0.564,0.498,0.632,0.505,0.674,0.606,0.933,0.4,0.557,0.698,0.793,0.959,0.872,0.78,0.948
,,6,0.963,0.359,0.522,0.577,0.908,0.439,0.587,0.842,0.595,0.404,0.495,0.964,0.736,0.623,0.97,0.72,0.611,0.49,0.546,1.189,0.099,0.546,0.563,0.44,0.639,0.743,0.51,0.339,0.724,0.594,0.505,0.41,0.576,0.699,0.449,0.611,0.081,0.543,0.522,0.545,0.509,0.556,0.601,0.995,0.675,0.554,0.551,0.478,0.495,0.578,0.587,0.845,0.585,0.627,0.523,0.888,0.505,0.596,0.585,0.603,0.484,0.9,0.075,0.659,0.511,0.594,0.497,0.902,0.576,0.86,0.422,0.57,0.773,0.553,0.449,0.108,0.901,0.741,0.507,0.596,0.593,0.659,0.621,0.57,0.439,0.585,0.531,0.827,0.399,0.544,0.596,0.61,1.032,0.684,0.688,0.953
,,7,0.328,0.344,0.499,0.601,1.161,0.499,0.654,0.939,0.547,0.49,0.5,0.897,0.809,0.667,0.918,0.748,0.767,0.568,0.602,0.931,0.091,0.412,0.592,0.51,0.68,0.642,0.523,0.544,0.863,0.569,0.488,0.483,0.574,0.643,0.434,0.591,0.087,0.548,0.539,0.528,0.496,0.711,0.564,0.774,0.656,0.561,0.556,0.478,0.516,0.545,0.592,0.664,0.59,0.66,0.509,0.732,0.495,0.581,0.56,0.473,0.489,0.866,0.062,0.535,0.509,0.549,0.464,0.681,0.57,0.778,0.406,0.516,0.779,0.559,0.443,0.101,0.985,0.743,0.521,0.582,0.587,0.574,0.579,0.573,0.448,0.566,0.491,0.746,0.44,0.529,0.602,0.632,0.637,0.612,0.52,0.916
,,8,0.326,0.344,0.503,0.502,0.645,0.493,0.692,0.889,0.43,0.454,0.519,0.728,0.607,0.593,0.867,0.8,0.62,0.472,0.55,1.069,0.098,0.639,0.524,0.457,0.373,0.643,0.644,0.531,0.699,0.562,0.538,0.411,0.436,0.669,0.363,0.559,0.082,0.602,0.482,0.462,0.444,0.587,0.597,0.837,0.765,0.57,0.514,0.539,0.434,0.477,0.543,0.675,0.8,0.61,0.487,1.2,0.516,0.512,0.619,0.503,0.479,0.865,0.07,0.531,0.463,0.46,0.495,0.818,0.595,0.82,0.406,0.495,0.734,0.514,0.461,0.101,0.89,0.726,0.502,0.517,0.532,0.608,0.589,0.584,0.506,0.521,0.467,0.704,0.365,0.549,0.606,0.565,0.81,0.569,0.514,0.819
,,9,0.3,0.334,0.466,0.607,1.441,0.759,0.694,0.774,0.562,0.74,0.563,0.937,0.64,0.686,0.969,0.865,0.77,0.648,0.697,1.05,0.509,0.634,0.685,0.888,0.615,0.964,0.601,0.551,1.007,0.705,0.528,0.653,0.716,0.747,0.523,0.667,0.18,0.617,0.602,0.568,0.569,0.934,0.715,0.832,1.111,0.615,0.584,0.623,0.445,0.729,0.615,0.956,0.92,0.656,0.656,0.839,0.546,0.682,0.753,0.576,0.943,1.057,0.077,0.622,0.67,0.847,0.523,0.832,0.695,0.877,0.407,0.789,0.874,0.642,0.562,0.123,1.132,0.791,0.568,0.68,0.829,0.741,0.574,0.767,0.465,0.664,0.528,0.655,0.394,0.62,0.621,0.711,0.929,0.65,0.673,0.951
,,10,0.352,0.412,0.453,0.646,1.098,0.472,0.715,0.831,0.56,0.541,0.502,0.907,0.783,0.56,0.996,0.908,0.792,0.57,0.578,0.938,0.098,0.53,0.794,0.849,0.69,0.715,0.677,0.63,0.882,0.489,0.576,0.535,0.603,0.816,0.596,0.578,0.081,0.616,0.699,0.736,0.567,0.62,0.712,0.894,0.833,0.685,0.94,0.504,0.504,0.603,0.705,0.699,0.708,0.861,1.224,0.85,0.53,0.727,0.624,0.614,0.625,1.102,0.084,0.707,0.58,0.733,0.558,0.736,0.608,0.919,0.528,0.701,0.783,0.581,0.556,0.119,1.178,0.998,0.769,0.689,0.661,0.628,0.622,0.766,0.535,0.653,0.681,0.747,0.426,0.632,0.599,0.726,0.91,0.825,0.655,0.997
,6,1,0.403,0.479,0.658,0.711,1.185,0.489,0.722,1.014,0.51,0.463,0.515,0.899,1.074,0.663,0.928,0.767,0.581,0.486,0.544,0.955,0.093,0.797,0.537,0.52,0.696,0.663,0.537,0.709,0.771,0.696,0.534,0.454,0.458,0.705,0.532,0.596,0.083,1.348,0.592,0.623,0.493,0.66,0.589,0.818,0.688,0.708,0.564,0.545,0.456,0.616,0.592,0.772,0.676,0.686,0.802,0.866,0.439,0.644,0.653,0.561,0.517,0.939,0.059,0.649,0.589,0.537,0.517,0.835,0.605,0.918,0.776,0.745,0.844,0.602,0.476,0.12,0.859,0.842,0.583,0.678,0.608,0.685,0.638,0.671,0.479,0.564,0.519,1.035,0.425,0.552,0.574,0.699,0.957,0.702,0.713,0.967
,,2,0.295,0.391,0.436,0.497,0.824,0.455,0.739,0.932,0.502,0.442,0.488,0.985,0.865,0.649,0.887,0.737,0.622,0.453,0.387,0.894,0.269,0.603,0.676,0.429,0.574,0.653,0.445,0.67,0.658,0.561,0.737,0.417,0.361,0.64,0.43,0.56,0.08,0.601,0.651,0.537,0.429,0.611,0.594,0.768,0.779,0.674,0.53,0.422,0.419,0.49,0.493,0.635,0.579,0.639,0.639,0.697,0.451,0.513,0.561,0.868,0.493,0.833,0.244,0.589,0.494,0.644,0.465,0.863,0.717,0.908,0.585,0.556,0.878,0.586,0.446,0.103,0.967,0.817,0.54,0.652,0.516,0.616,0.579,0.609,0.57,0.557,0.477,1.219,0.405,0.482,0.573,0.737,0.827,0.647,0.548,0.977
,,3,0.34,0.404,0.527,0.534,0.899,0.523,0.637,0.801,0.505,0.4,0.486,0.992,0.662,0.645,0.926,0.623,0.654,0.449,0.457,0.854,0.092,0.42,0.525,0.341,0.634,0.559,0.497,0.507,0.737,0.564,0.491,0.411,0.526,0.671,0.49,0.564,0.087,0.603,0.533,0.488,0.51,0.731,0.61,0.783,0.695,0.626,0.543,0.395,0.424,0.523,0.589,0.701,0.502,0.6,0.547,0.887,0.459,0.473,0.587,0.496,0.422,0.968,0.075,0.482,0.466,0.465,0.496,0.829,0.572,0.918,0.502,0.549,0.768,0.528,0.482,0.104,0.834,0.905,0.491,0.423,0.61,0.613,0.588,0.588,0.399,0.597,0.41,0.651,0.388,0.472,0.536,0.487,0.757,0.491,0.5,0.714
,,4,0.251,0.288,0.299,0.433,0.762,0.411,0.415,0.62,0.33,0.254,0.329,0.6,0.445,0.412,0.598,0.376,0.394,0.279,0.264,0.69,0.06,0.342,0.409,0.412,0.359,0.38,0.3,0.347,0.532,0.377,0.306,0.276,0.337,0.436,0.276,0.366,0.092,0.392,0.393,0.383,0.328,0.467,0.393,0.406,0.449,0.316,0.355,0.228,0.287,0.352,0.36,0.475,0.332,0.336,0.386,0.472,0.323,0.362,0.406,0.351,0.292,0.553,0.066,0.354,0.361,0.313,0.3,0.401,0.392,0.477,0.205,0.309,0.481,0.32,0.258,0.071,0.512,0.545,0.277,0.359,0.299,0.369,0.415,0.474,0.421,0.379,0.231,0.718,0.492,0.406,0.474,0.465,0.531,0.456,0.349,0.692
,,5,0.301,0.275,0.364,0.345,0.979,0.314,0.483,0.714,0.4,0.321,0.382,0.627,0.476,0.397,0.686,0.468,0.482,0.449,0.392,0.832,0.086,0.425,0.478,0.409,0.449,0.356,0.369,0.427,0.698,0.411,0.42,0.252,0.385,0.493,0.345,0.334,0.108,0.408,0.461,0.432,0.482,0.493,0.393,0.51,0.473,0.507,0.415,0.318,0.317,0.395,0.47,0.483,0.478,0.543,0.512,0.537,0.371,0.495,0.39,0.617,0.397,0.662,0.056,0.525,0.38,0.416,0.474,0.471,0.382,0.636,0.322,0.436,0.438,0.445,0.386,0.071,0.641,0.618,0.483,0.346,0.316,0.489,0.423,0.533,0.474,0.485,0.491,0.507,0.313,0.396,0.472,0.438,0.722,0.52,0.424,0.559
,,6,0.28,0.387,0.469,0.512,1.102,0.627,0.721,0.799,0.389,0.362,0.426,0.784,0.633,0.493,0.843,0.538,0.539,0.371,0.485,0.855,0.087,0.459,0.486,0.372,0.475,0.532,0.433,0.496,0.628,0.479,0.404,0.359,0.418,0.536,0.341,0.487,0.092,0.519,0.448,0.486,0.474,0.637,0.482,0.625,0.522,0.477,0.41,0.348,0.358,0.469,0.471,0.554,0.466,0.454,0.486,0.619,0.382,0.491,0.462,0.414,0.357,0.673,0.059,0.445,0.413,0.487,0.399,0.603,0.459,0.652,0.3,0.394,0.676,0.449,0.439,0.088,0.831,0.635,0.385,0.417,0.419,0.532,0.517,0.491,0.375,0.414,0.349,0.551,0.334,0.46,0.546,0.554,0.713,0.56,0.487,0.772
,,7,0.285,0.365,0.54,0.612,1.055,0.508,0.652,0.764,0.538,0.468,0.493,0.981,0.695,0.6,0.863,0.681,0.649,0.521,0.514,0.941,0.095,0.423,0.563,0.406,0.607,0.566,0.543,0.579,0.662,0.542,0.508,0.422,0.479,0.727,0.436,0.583,0.082,0.554,0.837,0.526,0.499,0.589,0.582,0.481,0.574,0.552,0.444,0.414,0.373,0.504,0.574,0.638,0.509,0.504,0.42,0.658,0.339,0.481,0.57,0.577,0.386,0.882,0.074,0.502,0.466,0.496,0.495,0.859,0.492,0.786,0.451,0.472,0.772,0.535,0.578,0.107,0.909,0.728,0.516,0.773,0.699,0.56,0.511,0.623,0.502,0.485,0.523,0.991,0.374,0.483,0.56,0.67,0.811,0.589,0.55,0.885
,,8,0.273,0.466,0.601,0.646,1.184,0.67,0.625,0.989,0.904,0.494,0.502,0.9,0.811,0.589,1.003,0.672,0.684,0.618,0.547,0.903,0.098,0.631,0.753,0.571,0.602,0.717,0.535,0.667,0.728,0.568,0.461,0.551,0.485,0.845,0.513,0.627,0.082,0.555,0.554,0.478,0.525,0.641,0.631,0.775,0.598,0.629,0.505,0.49,0.463,0.612,0.542,0.706,0.46,0.565,0.623,0.712,0.502,0.694,0.595,0.533,0.43,0.973,0.191,0.506,0.49,0.659,0.525,0.962,0.55,0.876,0.437,0.573,0.735,0.499,0.582,0.248,1.054,0.895,0.883,0.616,0.596,0.549,0.518,0.757,0.504,0.709,0.58,1.006,0.399,0.57,0.715,0.861,0.787,0.638,0.506,1.011
,,9,0.291,0.353,0.484,0.708,1.173,0.538,0.662,0.889,0.522,0.418,0.544,0.95,0.7,0.641,0.962,0.698,0.718,0.56,0.634,0.881,0.1,0.444,0.629,0.45,0.61,0.563,0.693,0.629,0.733,0.606,0.546,0.345,0.466,0.922,0.517,0.644,0.091,0.601,0.596,0.399,0.526,0.796,0.681,0.838,0.584,0.742,0.568,0.349,0.355,0.588,0.629,0.701,0.609,0.699,0.661,0.716,0.365,0.746,0.65,0.599,0.506,0.841,0.088,0.663,0.517,0.702,0.531,0.772,0.545,0.962,0.43,0.439,0.707,0.688,0.543,0.133,1.042,0.973,0.689,0.735,0.596,0.762,0.606,0.777,0.472,0.694,0.564,0.982,0.446,0.612,0.622,0.658,0.789,0.695,0.584,0.785
,,10,0.348,0.354,0.462,0.409,0.952,0.509,0.619,0.813,0.508,0.476,0.554,0.776,0.65,0.571,0.914,0.685,0.664,0.474,0.576,1.113,0.09,0.644,0.754,0.477,0.606,0.627,0.664,0.625,0.77,0.768,0.52,0.435,0.452,0.768,0.548,0.775,0.082,0.787,0.719,0.568,0.541,0.62,0.656,0.779,0.818,0.85,0.931,0.388,0.489,0.51,0.609,0.758,0.733,0.916,0.753,0.699,0.41,0.626,0.698,0.624,0.689,0.755,0.08,0.676,0.519,0.599,0.495,0.856,0.583,0.867,0.497,0.585,0.69,0.531,0.485,0.106,0.934,0.945,0.761,0.633,0.572,0.566,0.537,0.704,0.575,0.702,0.634,0.981,0.405,0.439,0.6,0.639,1.022,0.741,0.835,0.892